coordinate_id,market_id,city,state,surface_group,geometry_id,point_id,distance_miles,latitude,longitude,country_boundary_status,water_eligibility_status,collection_eligibility,matched_mtfcc,provisional_risk,classifier_version
MKT001_MAPORG_NE4,MKT001,Los Angeles,CA,maps_organic,GEOGRID13E_V1,NE4,4.0,34.0948065,-118.1935739,in_country,eligible_land,ELIGIBLE,,LOW,SED_GEO_ELIGIBILITY_CENSUS_2025_V1
MKT001_MAPORG_SE4,MKT001,Los Angeles,CA,maps_organic,GEOGRID13E_V1,SE4,4.0,34.0127334,-118.1936214,in_country,eligible_land,ELIGIBLE,,LOW,SED_GEO_ELIGIBILITY_CENSUS_2025_V1
MKT001_MAPORG_SW4,MKT001,Los Angeles,CA,maps_organic,GEOGRID13E_V1,SW4,4.0,34.0127334,-118.2921786,in_country,eligible_land,ELIGIBLE,,LOW,SED_GEO_ELIGIBILITY_CENSUS_2025_V1
MKT001_MAPORG_NW4,MKT001,Los Angeles,CA,maps_organic,GEOGRID13E_V1,NW4,4.0,34.0948065,-118.2922261,in_country,eligible_land,ELIGIBLE,,LOW,SED_GEO_ELIGIBILITY_CENSUS_2025_V1
MKT002_MAPORG_NE4,MKT002,San Diego,CA,maps_organic,GEOGRID13E_V1,NE4,4.0,32.7580159,-117.1142342,in_country,eligible_land,ELIGIBLE,,LOW,SED_GEO_ELIGIBILITY_CENSUS_2025_V1
MKT002_MAPORG_SE4,MKT002,San Diego,CA,maps_organic,GEOGRID13E_V1,SE4,4.0,32.6759251,-117.1142787,in_country,eligible_land,ELIGIBLE,,MED,SED_GEO_ELIGIBILITY_CENSUS_2025_V1
MKT002_MAPORG_SW4,MKT002,San Diego,CA,maps_organic,GEOGRID13E_V1,SW4,4.0,32.6759251,-117.2113413,in_country,structural_water_exclusion,STRUCTURAL_WATER,H2053,HIGH,SED_GEO_ELIGIBILITY_CENSUS_2025_V1
MKT002_MAPORG_NW4,MKT002,San Diego,CA,maps_organic,GEOGRID13E_V1,NW4,4.0,32.7580159,-117.2113858,in_country,eligible_land,ELIGIBLE,,MED,SED_GEO_ELIGIBILITY_CENSUS_2025_V1
MKT003_MAPORG_NE4,MKT003,San Francisco,CA,maps_organic,GEOGRID13E_V1,NE4,4.0,37.8202546,-122.367483,in_country,eligible_land,ELIGIBLE,,HIGH,SED_GEO_ELIGIBILITY_CENSUS_2025_V1
MKT003_MAPORG_SE4,MKT003,San Francisco,CA,maps_organic,GEOGRID13E_V1,SE4,4.0,37.7382325,-122.3675401,in_country,eligible_land,ELIGIBLE,,MED,SED_GEO_ELIGIBILITY_CENSUS_2025_V1
MKT003_MAPORG_SW4,MKT003,San Francisco,CA,maps_organic,GEOGRID13E_V1,SW4,4.0,37.7382325,-122.4708239,in_country,eligible_land,ELIGIBLE,,LOW,SED_GEO_ELIGIBILITY_CENSUS_2025_V1
MKT003_MAPORG_NW4,MKT003,San Francisco,CA,maps_organic,GEOGRID13E_V1,NW4,4.0,37.8202546,-122.470881,in_country,structural_water_exclusion,STRUCTURAL_WATER,H2051,MED,SED_GEO_ELIGIBILITY_CENSUS_2025_V1
MKT004_MAPORG_NE4,MKT004,Sacramento,CA,maps_organic,GEOGRID13E_V1,NE4,4.0,38.6230776,-121.4411687,in_country,eligible_land,ELIGIBLE,,MED,SED_GEO_ELIGIBILITY_CENSUS_2025_V1
MKT004_MAPORG_SE4,MKT004,Sacramento,CA,maps_organic,GEOGRID13E_V1,SE4,4.0,38.5410668,-121.4412281,in_country,eligible_land,ELIGIBLE,,MED,SED_GEO_ELIGIBILITY_CENSUS_2025_V1
MKT004_MAPORG_SW4,MKT004,Sacramento,CA,maps_organic,GEOGRID13E_V1,SW4,4.0,38.5410668,-121.5456499,in_country,eligible_land,ELIGIBLE,,LOW,SED_GEO_ELIGIBILITY_CENSUS_2025_V1
MKT004_MAPORG_NW4,MKT004,Sacramento,CA,maps_organic,GEOGRID13E_V1,NW4,4.0,38.6230776,-121.5457093,in_country,eligible_land,ELIGIBLE,,LOW,SED_GEO_ELIGIBILITY_CENSUS_2025_V1
MKT005_MAPORG_NE4,MKT005,Fresno,CA,maps_organic,GEOGRID13E_V1,NE4,4.0,36.7806972,-119.7335177,in_country,eligible_land,ELIGIBLE,,LOW,SED_GEO_ELIGIBILITY_CENSUS_2025_V1
MKT005_MAPORG_SE4,MKT005,Fresno,CA,maps_organic,GEOGRID13E_V1,SE4,4.0,36.6986607,-119.7335719,in_country,eligible_land,ELIGIBLE,,LOW,SED_GEO_ELIGIBILITY_CENSUS_2025_V1
MKT005_MAPORG_SW4,MKT005,Fresno,CA,maps_organic,GEOGRID13E_V1,SW4,4.0,36.6986607,-119.8354481,in_country,eligible_land,ELIGIBLE,,LOW,SED_GEO_ELIGIBILITY_CENSUS_2025_V1
MKT005_MAPORG_NW4,MKT005,Fresno,CA,maps_organic,GEOGRID13E_V1,NW4,4.0,36.7806972,-119.8355023,in_country,eligible_land,ELIGIBLE,,LOW,SED_GEO_ELIGIBILITY_CENSUS_2025_V1
MKT006_MAPORG_NE4,MKT006,Bakersfield,CA,maps_organic,GEOGRID13E_V1,NE4,4.0,35.4137971,-118.9693233,in_country,eligible_land,ELIGIBLE,,LOW,SED_GEO_ELIGIBILITY_CENSUS_2025_V1
MKT006_MAPORG_SE4,MKT006,Bakersfield,CA,maps_organic,GEOGRID13E_V1,SE4,4.0,35.3317418,-118.969374,in_country,eligible_land,ELIGIBLE,,LOW,SED_GEO_ELIGIBILITY_CENSUS_2025_V1
MKT006_MAPORG_SW4,MKT006,Bakersfield,CA,maps_organic,GEOGRID13E_V1,SW4,4.0,35.3317418,-119.069506,in_country,eligible_land,ELIGIBLE,,LOW,SED_GEO_ELIGIBILITY_CENSUS_2025_V1
MKT006_MAPORG_NW4,MKT006,Bakersfield,CA,maps_organic,GEOGRID13E_V1,NW4,4.0,35.4137971,-119.0695567,in_country,eligible_land,ELIGIBLE,,LOW,SED_GEO_ELIGIBILITY_CENSUS_2025_V1
MKT007_MAPORG_NE4,MKT007,Portland,OR,maps_organic,GEOGRID13E_V1,NE4,4.0,45.5559549,-122.6208124,in_country,eligible_land,ELIGIBLE,,LOW,SED_GEO_ELIGIBILITY_CENSUS_2025_V1
MKT007_MAPORG_SE4,MKT007,Portland,OR,maps_organic,GEOGRID13E_V1,SE4,4.0,45.4740431,-122.6208969,in_country,eligible_land,ELIGIBLE,,LOW,SED_GEO_ELIGIBILITY_CENSUS_2025_V1
MKT007_MAPORG_SW4,MKT007,Portland,OR,maps_organic,GEOGRID13E_V1,SW4,4.0,45.4740431,-122.7373231,in_country,eligible_land,ELIGIBLE,,LOW,SED_GEO_ELIGIBILITY_CENSUS_2025_V1
MKT007_MAPORG_NW4,MKT007,Portland,OR,maps_organic,GEOGRID13E_V1,NW4,4.0,45.5559549,-122.7374076,in_country,eligible_land,ELIGIBLE,,LOW,SED_GEO_ELIGIBILITY_CENSUS_2025_V1
MKT008_MAPORG_NE4,MKT008,Vancouver,WA,maps_organic,GEOGRID13E_V1,NE4,4.0,45.666595,-122.6170875,in_country,eligible_land,ELIGIBLE,,LOW,SED_GEO_ELIGIBILITY_CENSUS_2025_V1
MKT008_MAPORG_SE4,MKT008,Vancouver,WA,maps_organic,GEOGRID13E_V1,SE4,4.0,45.5846849,-122.6171725,in_country,eligible_land,ELIGIBLE,,LOW,SED_GEO_ELIGIBILITY_CENSUS_2025_V1
MKT008_MAPORG_SW4,MKT008,Vancouver,WA,maps_organic,GEOGRID13E_V1,SW4,4.0,45.5846849,-122.7338271,in_country,eligible_land,ELIGIBLE,,LOW,SED_GEO_ELIGIBILITY_CENSUS_2025_V1
MKT008_MAPORG_NW4,MKT008,Vancouver,WA,maps_organic,GEOGRID13E_V1,NW4,4.0,45.666595,-122.7339121,in_country,eligible_land,ELIGIBLE,,LOW,SED_GEO_ELIGIBILITY_CENSUS_2025_V1
MKT009_MAPORG_NE4,MKT009,Seattle,WA,maps_organic,GEOGRID13E_V1,NE4,4.0,47.6448027,-122.2694188,in_country,structural_water_exclusion,STRUCTURAL_WATER,H2030,HIGH,SED_GEO_ELIGIBILITY_CENSUS_2025_V1
MKT009_MAPORG_SE4,MKT009,Seattle,WA,maps_organic,GEOGRID13E_V1,SE4,4.0,47.562921,-122.2695133,in_country,eligible_land,ELIGIBLE,,MED,SED_GEO_ELIGIBILITY_CENSUS_2025_V1
MKT009_MAPORG_SW4,MKT009,Seattle,WA,maps_organic,GEOGRID13E_V1,SW4,4.0,47.562921,-122.3904887,in_country,eligible_land,ELIGIBLE,,MED,SED_GEO_ELIGIBILITY_CENSUS_2025_V1
MKT009_MAPORG_NW4,MKT009,Seattle,WA,maps_organic,GEOGRID13E_V1,NW4,4.0,47.6448027,-122.3905832,in_country,eligible_land,ELIGIBLE,,HIGH,SED_GEO_ELIGIBILITY_CENSUS_2025_V1
MKT010_MAPORG_NE4,MKT010,Spokane,WA,maps_organic,GEOGRID13E_V1,NE4,4.0,47.7007343,-117.3618831,in_country,eligible_land,ELIGIBLE,,LOW,SED_GEO_ELIGIBILITY_CENSUS_2025_V1
MKT010_MAPORG_SE4,MKT010,Spokane,WA,maps_organic,GEOGRID13E_V1,SE4,4.0,47.6188534,-117.3619778,in_country,eligible_land,ELIGIBLE,,LOW,SED_GEO_ELIGIBILITY_CENSUS_2025_V1
MKT010_MAPORG_SW4,MKT010,Spokane,WA,maps_organic,GEOGRID13E_V1,SW4,4.0,47.6188534,-117.4830822,in_country,eligible_land,ELIGIBLE,,LOW,SED_GEO_ELIGIBILITY_CENSUS_2025_V1
MKT010_MAPORG_NW4,MKT010,Spokane,WA,maps_organic,GEOGRID13E_V1,NW4,4.0,47.7007343,-117.4831769,in_country,eligible_land,ELIGIBLE,,LOW,SED_GEO_ELIGIBILITY_CENSUS_2025_V1
MKT011_MAPORG_NE4,MKT011,Phoenix,AZ,maps_organic,GEOGRID13E_V1,NE4,4.0,33.4898208,-112.0281196,in_country,eligible_land,ELIGIBLE,,LOW,SED_GEO_ELIGIBILITY_CENSUS_2025_V1
MKT011_MAPORG_SE4,MKT011,Phoenix,AZ,maps_organic,GEOGRID13E_V1,SE4,4.0,33.4077396,-112.0281658,in_country,eligible_land,ELIGIBLE,,LOW,SED_GEO_ELIGIBILITY_CENSUS_2025_V1
MKT011_MAPORG_SW4,MKT011,Phoenix,AZ,maps_organic,GEOGRID13E_V1,SW4,4.0,33.4077396,-112.1260342,in_country,eligible_land,ELIGIBLE,,LOW,SED_GEO_ELIGIBILITY_CENSUS_2025_V1
MKT011_MAPORG_NW4,MKT011,Phoenix,AZ,maps_organic,GEOGRID13E_V1,NW4,4.0,33.4898208,-112.1260804,in_country,eligible_land,ELIGIBLE,,LOW,SED_GEO_ELIGIBILITY_CENSUS_2025_V1
MKT012_MAPORG_NE4,MKT012,Tucson,AZ,maps_organic,GEOGRID13E_V1,NE4,4.0,32.2636093,-110.9264494,in_country,eligible_land,ELIGIBLE,,LOW,SED_GEO_ELIGIBILITY_CENSUS_2025_V1
MKT012_MAPORG_SE4,MKT012,Tucson,AZ,maps_organic,GEOGRID13E_V1,SE4,4.0,32.181512,-110.9264928,in_country,eligible_land,ELIGIBLE,,LOW,SED_GEO_ELIGIBILITY_CENSUS_2025_V1
MKT012_MAPORG_SW4,MKT012,Tucson,AZ,maps_organic,GEOGRID13E_V1,SW4,4.0,32.181512,-111.0230272,in_country,eligible_land,ELIGIBLE,,LOW,SED_GEO_ELIGIBILITY_CENSUS_2025_V1
MKT012_MAPORG_NW4,MKT012,Tucson,AZ,maps_organic,GEOGRID13E_V1,NW4,4.0,32.2636093,-111.0230706,in_country,eligible_land,ELIGIBLE,,LOW,SED_GEO_ELIGIBILITY_CENSUS_2025_V1
MKT013_MAPORG_NE4,MKT013,Las Vegas,NV,maps_organic,GEOGRID13E_V1,NE4,4.0,36.2084014,-115.0978815,in_country,eligible_land,ELIGIBLE,,LOW,SED_GEO_ELIGIBILITY_CENSUS_2025_V1
MKT013_MAPORG_SE4,MKT013,Las Vegas,NV,maps_organic,GEOGRID13E_V1,SE4,4.0,36.126357,-115.0979342,in_country,eligible_land,ELIGIBLE,,LOW,SED_GEO_ELIGIBILITY_CENSUS_2025_V1
MKT013_MAPORG_SW4,MKT013,Las Vegas,NV,maps_organic,GEOGRID13E_V1,SW4,4.0,36.126357,-115.1990658,in_country,eligible_land,ELIGIBLE,,LOW,SED_GEO_ELIGIBILITY_CENSUS_2025_V1
MKT013_MAPORG_NW4,MKT013,Las Vegas,NV,maps_organic,GEOGRID13E_V1,NW4,4.0,36.2084014,-115.1991185,in_country,eligible_land,ELIGIBLE,,LOW,SED_GEO_ELIGIBILITY_CENSUS_2025_V1
MKT014_MAPORG_NE4,MKT014,Reno,NV,maps_organic,GEOGRID13E_V1,NE4,4.0,39.5671466,-119.759678,in_country,eligible_land,ELIGIBLE,,LOW,SED_GEO_ELIGIBILITY_CENSUS_2025_V1
MKT014_MAPORG_SE4,MKT014,Reno,NV,maps_organic,GEOGRID13E_V1,SE4,4.0,39.485149,-119.7597403,in_country,eligible_land,ELIGIBLE,,LOW,SED_GEO_ELIGIBILITY_CENSUS_2025_V1
MKT014_MAPORG_SW4,MKT014,Reno,NV,maps_organic,GEOGRID13E_V1,SW4,4.0,39.485149,-119.8655597,in_country,eligible_land,ELIGIBLE,,LOW,SED_GEO_ELIGIBILITY_CENSUS_2025_V1
MKT014_MAPORG_NW4,MKT014,Reno,NV,maps_organic,GEOGRID13E_V1,NW4,4.0,39.5671466,-119.865622,in_country,eligible_land,ELIGIBLE,,LOW,SED_GEO_ELIGIBILITY_CENSUS_2025_V1
MKT015_MAPORG_NE4,MKT015,Salt Lake City,UT,maps_organic,GEOGRID13E_V1,NE4,4.0,40.8005603,-111.8328659,in_country,eligible_land,ELIGIBLE,,LOW,SED_GEO_ELIGIBILITY_CENSUS_2025_V1
MKT015_MAPORG_SE4,MKT015,Salt Lake City,UT,maps_organic,GEOGRID13E_V1,SE4,4.0,40.7185802,-111.8329321,in_country,eligible_land,ELIGIBLE,,LOW,SED_GEO_ELIGIBILITY_CENSUS_2025_V1
MKT015_MAPORG_SW4,MKT015,Salt Lake City,UT,maps_organic,GEOGRID13E_V1,SW4,4.0,40.7185802,-111.9406799,in_country,eligible_land,ELIGIBLE,,LOW,SED_GEO_ELIGIBILITY_CENSUS_2025_V1
MKT015_MAPORG_NW4,MKT015,Salt Lake City,UT,maps_organic,GEOGRID13E_V1,NW4,4.0,40.8005603,-111.9407461,in_country,eligible_land,ELIGIBLE,,LOW,SED_GEO_ELIGIBILITY_CENSUS_2025_V1
MKT016_MAPORG_NE4,MKT016,Denver,CO,maps_organic,GEOGRID13E_V1,NE4,4.0,39.780425,-104.9357549,in_country,eligible_land,ELIGIBLE,,LOW,SED_GEO_ELIGIBILITY_CENSUS_2025_V1
MKT016_MAPORG_SE4,MKT016,Denver,CO,maps_organic,GEOGRID13E_V1,SE4,4.0,39.6984304,-104.9358178,in_country,eligible_land,ELIGIBLE,,LOW,SED_GEO_ELIGIBILITY_CENSUS_2025_V1
MKT016_MAPORG_SW4,MKT016,Denver,CO,maps_organic,GEOGRID13E_V1,SW4,4.0,39.6984304,-105.0419622,in_country,eligible_land,ELIGIBLE,,LOW,SED_GEO_ELIGIBILITY_CENSUS_2025_V1
MKT016_MAPORG_NW4,MKT016,Denver,CO,maps_organic,GEOGRID13E_V1,NW4,4.0,39.780425,-105.0420251,in_country,eligible_land,ELIGIBLE,,LOW,SED_GEO_ELIGIBILITY_CENSUS_2025_V1
MKT017_MAPORG_NE4,MKT017,Colorado Springs,CO,maps_organic,GEOGRID13E_V1,NE4,4.0,38.8766,-104.7685417,in_country,eligible_land,ELIGIBLE,,LOW,SED_GEO_ELIGIBILITY_CENSUS_2025_V1
MKT017_MAPORG_SE4,MKT017,Colorado Springs,CO,maps_organic,GEOGRID13E_V1,SE4,4.0,38.7945927,-104.7686019,in_country,eligible_land,ELIGIBLE,,LOW,SED_GEO_ELIGIBILITY_CENSUS_2025_V1
MKT017_MAPORG_SW4,MKT017,Colorado Springs,CO,maps_organic,GEOGRID13E_V1,SW4,4.0,38.7945927,-104.8733925,in_country,eligible_land,ELIGIBLE,,LOW,SED_GEO_ELIGIBILITY_CENSUS_2025_V1
MKT017_MAPORG_NW4,MKT017,Colorado Springs,CO,maps_organic,GEOGRID13E_V1,NW4,4.0,38.8766,-104.8734527,in_country,eligible_land,ELIGIBLE,,LOW,SED_GEO_ELIGIBILITY_CENSUS_2025_V1
MKT018_MAPORG_NE4,MKT018,Boise,ID,maps_organic,GEOGRID13E_V1,NE4,4.0,43.6560755,-116.1449523,in_country,eligible_land,ELIGIBLE,,LOW,SED_GEO_ELIGIBILITY_CENSUS_2025_V1
MKT018_MAPORG_SE4,MKT018,Boise,ID,maps_organic,GEOGRID13E_V1,SE4,4.0,43.5741364,-116.1450289,in_country,eligible_land,ELIGIBLE,,LOW,SED_GEO_ELIGIBILITY_CENSUS_2025_V1
MKT018_MAPORG_SW4,MKT018,Boise,ID,maps_organic,GEOGRID13E_V1,SW4,4.0,43.5741364,-116.2577311,in_country,eligible_land,ELIGIBLE,,LOW,SED_GEO_ELIGIBILITY_CENSUS_2025_V1
MKT018_MAPORG_NW4,MKT018,Boise,ID,maps_organic,GEOGRID13E_V1,NW4,4.0,43.6560755,-116.2578077,in_country,eligible_land,ELIGIBLE,,LOW,SED_GEO_ELIGIBILITY_CENSUS_2025_V1
MKT019_MAPORG_NE4,MKT019,Albuquerque,NM,maps_organic,GEOGRID13E_V1,NE4,4.0,35.1286992,-106.6017286,in_country,eligible_land,ELIGIBLE,,LOW,SED_GEO_ELIGIBILITY_CENSUS_2025_V1
MKT019_MAPORG_SE4,MKT019,Albuquerque,NM,maps_organic,GEOGRID13E_V1,SE4,4.0,35.04664,-106.6017786,in_country,eligible_land,ELIGIBLE,,LOW,SED_GEO_ELIGIBILITY_CENSUS_2025_V1
MKT019_MAPORG_SW4,MKT019,Albuquerque,NM,maps_organic,GEOGRID13E_V1,SW4,4.0,35.04664,-106.7015614,in_country,eligible_land,ELIGIBLE,,LOW,SED_GEO_ELIGIBILITY_CENSUS_2025_V1
MKT019_MAPORG_NW4,MKT019,Albuquerque,NM,maps_organic,GEOGRID13E_V1,NW4,4.0,35.1286992,-106.7016114,in_country,eligible_land,ELIGIBLE,,LOW,SED_GEO_ELIGIBILITY_CENSUS_2025_V1
MKT020_MAPORG_NE4,MKT020,Fort Collins,CO,maps_organic,GEOGRID13E_V1,NE4,4.0,40.6308286,-105.0281067,in_country,eligible_land,ELIGIBLE,,HIGH,SED_GEO_ELIGIBILITY_CENSUS_2025_V1
MKT020_MAPORG_SE4,MKT020,Fort Collins,CO,maps_organic,GEOGRID13E_V1,SE4,4.0,40.5488461,-105.0281724,in_country,eligible_land,ELIGIBLE,,MED,SED_GEO_ELIGIBILITY_CENSUS_2025_V1
MKT020_MAPORG_SW4,MKT020,Fort Collins,CO,maps_organic,GEOGRID13E_V1,SW4,4.0,40.5488461,-105.1356476,in_country,eligible_land,ELIGIBLE,,LOW,SED_GEO_ELIGIBILITY_CENSUS_2025_V1
MKT020_MAPORG_NW4,MKT020,Fort Collins,CO,maps_organic,GEOGRID13E_V1,NW4,4.0,40.6308286,-105.1357133,in_country,eligible_land,ELIGIBLE,,MED,SED_GEO_ELIGIBILITY_CENSUS_2025_V1
MKT021_MAPORG_NE4,MKT021,Chicago,IL,maps_organic,GEOGRID13E_V1,NE4,4.0,41.9248187,-87.5770734,in_country,structural_water_exclusion,STRUCTURAL_WATER,H2030,HIGH,SED_GEO_ELIGIBILITY_CENSUS_2025_V1
MKT021_MAPORG_SE4,MKT021,Chicago,IL,maps_organic,GEOGRID13E_V1,SE4,4.0,41.8428548,-87.5771435,in_country,structural_water_exclusion,STRUCTURAL_WATER,H2030,MED,SED_GEO_ELIGIBILITY_CENSUS_2025_V1
MKT021_MAPORG_SW4,MKT021,Chicago,IL,maps_organic,GEOGRID13E_V1,SW4,4.0,41.8428548,-87.6867565,in_country,eligible_land,ELIGIBLE,,LOW,SED_GEO_ELIGIBILITY_CENSUS_2025_V1
MKT021_MAPORG_NW4,MKT021,Chicago,IL,maps_organic,GEOGRID13E_V1,NW4,4.0,41.9248187,-87.6868266,in_country,eligible_land,ELIGIBLE,,MED,SED_GEO_ELIGIBILITY_CENSUS_2025_V1
MKT022_MAPORG_NE4,MKT022,Minneapolis,MN,maps_organic,GEOGRID13E_V1,NE4,4.0,45.018245,-93.2076506,in_country,eligible_land,ELIGIBLE,,LOW,SED_GEO_ELIGIBILITY_CENSUS_2025_V1
MKT022_MAPORG_SE4,MKT022,Minneapolis,MN,maps_organic,GEOGRID13E_V1,SE4,4.0,44.9363255,-93.2077328,in_country,eligible_land,ELIGIBLE,,LOW,SED_GEO_ELIGIBILITY_CENSUS_2025_V1
MKT022_MAPORG_SW4,MKT022,Minneapolis,MN,maps_organic,GEOGRID13E_V1,SW4,4.0,44.9363255,-93.3230672,in_country,eligible_land,ELIGIBLE,,LOW,SED_GEO_ELIGIBILITY_CENSUS_2025_V1
MKT022_MAPORG_NW4,MKT022,Minneapolis,MN,maps_organic,GEOGRID13E_V1,NW4,4.0,45.018245,-93.3231494,in_country,eligible_land,ELIGIBLE,,LOW,SED_GEO_ELIGIBILITY_CENSUS_2025_V1
MKT023_MAPORG_NE4,MKT023,Milwaukee,WI,maps_organic,GEOGRID13E_V1,NE4,4.0,43.0826699,-87.8538914,in_country,structural_water_exclusion,STRUCTURAL_WATER,H2030,MED,SED_GEO_ELIGIBILITY_CENSUS_2025_V1
MKT023_MAPORG_SE4,MKT023,Milwaukee,WI,maps_organic,GEOGRID13E_V1,SE4,4.0,43.0007225,-87.8539657,in_country,structural_water_exclusion,STRUCTURAL_WATER,H2030,MED,SED_GEO_ELIGIBILITY_CENSUS_2025_V1
MKT023_MAPORG_SW4,MKT023,Milwaukee,WI,maps_organic,GEOGRID13E_V1,SW4,4.0,43.0007225,-87.9656143,in_country,eligible_land,ELIGIBLE,,LOW,SED_GEO_ELIGIBILITY_CENSUS_2025_V1
MKT023_MAPORG_NW4,MKT023,Milwaukee,WI,maps_organic,GEOGRID13E_V1,NW4,4.0,43.0826699,-87.9656886,in_country,eligible_land,ELIGIBLE,,LOW,SED_GEO_ELIGIBILITY_CENSUS_2025_V1
MKT024_MAPORG_NE4,MKT024,Detroit,MI,maps_organic,GEOGRID13E_V1,NE4,4.0,42.3704653,-82.9889972,in_country,eligible_land,ELIGIBLE,,MED,SED_GEO_ELIGIBILITY_CENSUS_2025_V1
MKT024_MAPORG_SE4,MKT024,Detroit,MI,maps_organic,GEOGRID13E_V1,SE4,4.0,42.2885078,-82.9890689,outside_country,not_evaluated_outside_country,OUTSIDE_COUNTRY,,HIGH,SED_GEO_ELIGIBILITY_CENSUS_2025_V1
MKT024_MAPORG_SW4,MKT024,Detroit,MI,maps_organic,GEOGRID13E_V1,SW4,4.0,42.2885078,-83.0994511,in_country,structural_water_exclusion,STRUCTURAL_WATER,H3010,MED,SED_GEO_ELIGIBILITY_CENSUS_2025_V1
MKT024_MAPORG_NW4,MKT024,Detroit,MI,maps_organic,GEOGRID13E_V1,NW4,4.0,42.3704653,-83.0995228,in_country,eligible_land,ELIGIBLE,,LOW,SED_GEO_ELIGIBILITY_CENSUS_2025_V1
MKT025_MAPORG_NE4,MKT025,Columbus,OH,maps_organic,GEOGRID13E_V1,NE4,4.0,40.0036333,-82.9500623,in_country,eligible_land,ELIGIBLE,,LOW,SED_GEO_ELIGIBILITY_CENSUS_2025_V1
MKT025_MAPORG_SE4,MKT025,Columbus,OH,maps_organic,GEOGRID13E_V1,SE4,4.0,39.9216419,-82.9501259,in_country,eligible_land,ELIGIBLE,,MED,SED_GEO_ELIGIBILITY_CENSUS_2025_V1
MKT025_MAPORG_SW4,MKT025,Columbus,OH,maps_organic,GEOGRID13E_V1,SW4,4.0,39.9216419,-83.0566141,in_country,eligible_land,ELIGIBLE,,MED,SED_GEO_ELIGIBILITY_CENSUS_2025_V1
MKT025_MAPORG_NW4,MKT025,Columbus,OH,maps_organic,GEOGRID13E_V1,NW4,4.0,40.0036333,-83.0566777,in_country,eligible_land,ELIGIBLE,,LOW,SED_GEO_ELIGIBILITY_CENSUS_2025_V1
MKT026_MAPORG_NE4,MKT026,Cincinnati,OH,maps_organic,GEOGRID13E_V1,NE4,4.0,39.1452197,-84.4667357,in_country,eligible_land,ELIGIBLE,,LOW,SED_GEO_ELIGIBILITY_CENSUS_2025_V1
MKT026_MAPORG_SE4,MKT026,Cincinnati,OH,maps_organic,GEOGRID13E_V1,SE4,4.0,39.0632162,-84.4667967,in_country,eligible_land,ELIGIBLE,,LOW,SED_GEO_ELIGIBILITY_CENSUS_2025_V1
MKT026_MAPORG_SW4,MKT026,Cincinnati,OH,maps_organic,GEOGRID13E_V1,SW4,4.0,39.0632162,-84.5719833,in_country,structural_water_exclusion,STRUCTURAL_WATER,H2030,LOW,SED_GEO_ELIGIBILITY_CENSUS_2025_V1
MKT026_MAPORG_NW4,MKT026,Cincinnati,OH,maps_organic,GEOGRID13E_V1,NW4,4.0,39.1452197,-84.5720443,in_country,eligible_land,ELIGIBLE,,LOW,SED_GEO_ELIGIBILITY_CENSUS_2025_V1
MKT027_MAPORG_NE4,MKT027,Indianapolis,IN,maps_organic,GEOGRID13E_V1,NE4,4.0,39.8089548,-86.1003829,in_country,eligible_land,ELIGIBLE,,LOW,SED_GEO_ELIGIBILITY_CENSUS_2025_V1
MKT027_MAPORG_SE4,MKT027,Indianapolis,IN,maps_organic,GEOGRID13E_V1,SE4,4.0,39.7269606,-86.100446,in_country,eligible_land,ELIGIBLE,,LOW,SED_GEO_ELIGIBILITY_CENSUS_2025_V1
MKT027_MAPORG_SW4,MKT027,Indianapolis,IN,maps_organic,GEOGRID13E_V1,SW4,4.0,39.7269606,-86.206634,in_country,eligible_land,ELIGIBLE,,LOW,SED_GEO_ELIGIBILITY_CENSUS_2025_V1
MKT027_MAPORG_NW4,MKT027,Indianapolis,IN,maps_organic,GEOGRID13E_V1,NW4,4.0,39.8089548,-86.2066971,in_country,eligible_land,ELIGIBLE,,LOW,SED_GEO_ELIGIBILITY_CENSUS_2025_V1
MKT028_MAPORG_NE4,MKT028,St. Louis,MO,maps_organic,GEOGRID13E_V1,NE4,4.0,38.6678053,-90.1471032,in_country,eligible_land,ELIGIBLE,,MED,SED_GEO_ELIGIBILITY_CENSUS_2025_V1
MKT028_MAPORG_SE4,MKT028,St. Louis,MO,maps_organic,GEOGRID13E_V1,SE4,4.0,38.5857951,-90.1471628,in_country,eligible_land,ELIGIBLE,,LOW,SED_GEO_ELIGIBILITY_CENSUS_2025_V1
MKT028_MAPORG_SW4,MKT028,St. Louis,MO,maps_organic,GEOGRID13E_V1,SW4,4.0,38.5857951,-90.2516492,in_country,eligible_land,ELIGIBLE,,LOW,SED_GEO_ELIGIBILITY_CENSUS_2025_V1
MKT028_MAPORG_NW4,MKT028,St. Louis,MO,maps_organic,GEOGRID13E_V1,NW4,4.0,38.6678053,-90.2517088,in_country,eligible_land,ELIGIBLE,,MED,SED_GEO_ELIGIBILITY_CENSUS_2025_V1
MKT029_MAPORG_NE4,MKT029,Kansas City,MO,maps_organic,GEOGRID13E_V1,NE4,4.0,39.1416098,-94.5252684,in_country,eligible_land,ELIGIBLE,,LOW,SED_GEO_ELIGIBILITY_CENSUS_2025_V1
MKT029_MAPORG_SE4,MKT029,Kansas City,MO,maps_organic,GEOGRID13E_V1,SE4,4.0,39.0596062,-94.5253294,in_country,eligible_land,ELIGIBLE,,LOW,SED_GEO_ELIGIBILITY_CENSUS_2025_V1
MKT029_MAPORG_SW4,MKT029,Kansas City,MO,maps_organic,GEOGRID13E_V1,SW4,4.0,39.0596062,-94.6305106,in_country,eligible_land,ELIGIBLE,,LOW,SED_GEO_ELIGIBILITY_CENSUS_2025_V1
MKT029_MAPORG_NW4,MKT029,Kansas City,MO,maps_organic,GEOGRID13E_V1,NW4,4.0,39.1416098,-94.6305716,in_country,eligible_land,ELIGIBLE,,LOW,SED_GEO_ELIGIBILITY_CENSUS_2025_V1
MKT030_MAPORG_NE4,MKT030,Grand Rapids,MI,maps_organic,GEOGRID13E_V1,NE4,4.0,43.0102304,-85.6156771,in_country,eligible_land,ELIGIBLE,,LOW,SED_GEO_ELIGIBILITY_CENSUS_2025_V1
MKT030_MAPORG_SE4,MKT030,Grand Rapids,MI,maps_organic,GEOGRID13E_V1,SE4,4.0,42.9282821,-85.6157512,in_country,eligible_land,ELIGIBLE,,LOW,SED_GEO_ELIGIBILITY_CENSUS_2025_V1
MKT030_MAPORG_SW4,MKT030,Grand Rapids,MI,maps_organic,GEOGRID13E_V1,SW4,4.0,42.9282821,-85.7272688,in_country,eligible_land,ELIGIBLE,,LOW,SED_GEO_ELIGIBILITY_CENSUS_2025_V1
MKT030_MAPORG_NW4,MKT030,Grand Rapids,MI,maps_organic,GEOGRID13E_V1,NW4,4.0,43.0102304,-85.7273429,in_country,eligible_land,ELIGIBLE,,LOW,SED_GEO_ELIGIBILITY_CENSUS_2025_V1
MKT031_MAPORG_NE4,MKT031,Dallas,TX,maps_organic,GEOGRID13E_V1,NE4,4.0,32.8173055,-96.748332,in_country,eligible_land,ELIGIBLE,,LOW,SED_GEO_ELIGIBILITY_CENSUS_2025_V1
MKT031_MAPORG_SE4,MKT031,Dallas,TX,maps_organic,GEOGRID13E_V1,SE4,4.0,32.7352154,-96.7483766,in_country,eligible_land,ELIGIBLE,,LOW,SED_GEO_ELIGIBILITY_CENSUS_2025_V1
MKT031_MAPORG_SW4,MKT031,Dallas,TX,maps_organic,GEOGRID13E_V1,SW4,4.0,32.7352154,-96.8455034,in_country,eligible_land,ELIGIBLE,,LOW,SED_GEO_ELIGIBILITY_CENSUS_2025_V1
MKT031_MAPORG_NW4,MKT031,Dallas,TX,maps_organic,GEOGRID13E_V1,NW4,4.0,32.8173055,-96.845548,in_country,eligible_land,ELIGIBLE,,LOW,SED_GEO_ELIGIBILITY_CENSUS_2025_V1
MKT032_MAPORG_NE4,MKT032,Houston,TX,maps_organic,GEOGRID13E_V1,NE4,4.0,29.8012358,-95.3222868,in_country,eligible_land,ELIGIBLE,,LOW,SED_GEO_ELIGIBILITY_CENSUS_2025_V1
MKT032_MAPORG_SE4,MKT032,Houston,TX,maps_organic,GEOGRID13E_V1,SE4,4.0,29.7191072,-95.3223251,in_country,eligible_land,ELIGIBLE,,LOW,SED_GEO_ELIGIBILITY_CENSUS_2025_V1
MKT032_MAPORG_SW4,MKT032,Houston,TX,maps_organic,GEOGRID13E_V1,SW4,4.0,29.7191072,-95.4164149,in_country,eligible_land,ELIGIBLE,,LOW,SED_GEO_ELIGIBILITY_CENSUS_2025_V1
MKT032_MAPORG_NW4,MKT032,Houston,TX,maps_organic,GEOGRID13E_V1,NW4,4.0,29.8012358,-95.4164532,in_country,eligible_land,ELIGIBLE,,LOW,SED_GEO_ELIGIBILITY_CENSUS_2025_V1
MKT033_MAPORG_NE4,MKT033,Austin,TX,maps_organic,GEOGRID13E_V1,NE4,4.0,30.3058425,-97.6998774,in_country,eligible_land,ELIGIBLE,,LOW,SED_GEO_ELIGIBILITY_CENSUS_2025_V1
MKT033_MAPORG_SE4,MKT033,Austin,TX,maps_organic,GEOGRID13E_V1,SE4,4.0,30.2237202,-97.6999168,in_country,eligible_land,ELIGIBLE,,LOW,SED_GEO_ELIGIBILITY_CENSUS_2025_V1
MKT033_MAPORG_SW4,MKT033,Austin,TX,maps_organic,GEOGRID13E_V1,SW4,4.0,30.2237202,-97.7944832,in_country,eligible_land,ELIGIBLE,,LOW,SED_GEO_ELIGIBILITY_CENSUS_2025_V1
MKT033_MAPORG_NW4,MKT033,Austin,TX,maps_organic,GEOGRID13E_V1,NW4,4.0,30.3058425,-97.7945226,in_country,eligible_land,ELIGIBLE,,LOW,SED_GEO_ELIGIBILITY_CENSUS_2025_V1
MKT034_MAPORG_NE4,MKT034,San Antonio,TX,maps_organic,GEOGRID13E_V1,NE4,4.0,29.4656448,-98.4482172,in_country,eligible_land,ELIGIBLE,,LOW,SED_GEO_ELIGIBILITY_CENSUS_2025_V1
MKT034_MAPORG_SE4,MKT034,San Antonio,TX,maps_organic,GEOGRID13E_V1,SE4,4.0,29.383512,-98.4482549,in_country,eligible_land,ELIGIBLE,,LOW,SED_GEO_ELIGIBILITY_CENSUS_2025_V1
MKT034_MAPORG_SW4,MKT034,San Antonio,TX,maps_organic,GEOGRID13E_V1,SW4,4.0,29.383512,-98.5420343,in_country,eligible_land,ELIGIBLE,,LOW,SED_GEO_ELIGIBILITY_CENSUS_2025_V1
MKT034_MAPORG_NW4,MKT034,San Antonio,TX,maps_organic,GEOGRID13E_V1,NW4,4.0,29.4656448,-98.542072,in_country,eligible_land,ELIGIBLE,,LOW,SED_GEO_ELIGIBILITY_CENSUS_2025_V1
MKT035_MAPORG_NE4,MKT035,Nashville,TN,maps_organic,GEOGRID13E_V1,NE4,4.0,36.2082314,-86.7279916,in_country,eligible_land,ELIGIBLE,,LOW,SED_GEO_ELIGIBILITY_CENSUS_2025_V1
MKT035_MAPORG_SE4,MKT035,Nashville,TN,maps_organic,GEOGRID13E_V1,SE4,4.0,36.126187,-86.7280443,in_country,eligible_land,ELIGIBLE,,LOW,SED_GEO_ELIGIBILITY_CENSUS_2025_V1
MKT035_MAPORG_SW4,MKT035,Nashville,TN,maps_organic,GEOGRID13E_V1,SW4,4.0,36.126187,-86.8291757,in_country,eligible_land,ELIGIBLE,,LOW,SED_GEO_ELIGIBILITY_CENSUS_2025_V1
MKT035_MAPORG_NW4,MKT035,Nashville,TN,maps_organic,GEOGRID13E_V1,NW4,4.0,36.2082314,-86.8292284,in_country,eligible_land,ELIGIBLE,,LOW,SED_GEO_ELIGIBILITY_CENSUS_2025_V1
MKT036_MAPORG_NE4,MKT036,Memphis,TN,maps_organic,GEOGRID13E_V1,NE4,4.0,35.1894387,-90.0009414,in_country,eligible_land,ELIGIBLE,,LOW,SED_GEO_ELIGIBILITY_CENSUS_2025_V1
MKT036_MAPORG_SE4,MKT036,Memphis,TN,maps_organic,GEOGRID13E_V1,SE4,4.0,35.1073804,-90.0009916,in_country,eligible_land,ELIGIBLE,,LOW,SED_GEO_ELIGIBILITY_CENSUS_2025_V1
MKT036_MAPORG_SW4,MKT036,Memphis,TN,maps_organic,GEOGRID13E_V1,SW4,4.0,35.1073804,-90.1008484,in_country,eligible_land,ELIGIBLE,,LOW,SED_GEO_ELIGIBILITY_CENSUS_2025_V1
MKT036_MAPORG_NW4,MKT036,Memphis,TN,maps_organic,GEOGRID13E_V1,NW4,4.0,35.1894387,-90.1008986,in_country,structural_water_exclusion,STRUCTURAL_WATER,H3010,LOW,SED_GEO_ELIGIBILITY_CENSUS_2025_V1
MKT037_MAPORG_NE4,MKT037,Atlanta,GA,maps_organic,GEOGRID13E_V1,NE4,4.0,33.7896487,-84.3414396,in_country,eligible_land,ELIGIBLE,,LOW,SED_GEO_ELIGIBILITY_CENSUS_2025_V1
MKT037_MAPORG_SE4,MKT037,Atlanta,GA,maps_organic,GEOGRID13E_V1,SE4,4.0,33.7075715,-84.3414864,in_country,eligible_land,ELIGIBLE,,LOW,SED_GEO_ELIGIBILITY_CENSUS_2025_V1
MKT037_MAPORG_SW4,MKT037,Atlanta,GA,maps_organic,GEOGRID13E_V1,SW4,4.0,33.7075715,-84.4396936,in_country,eligible_land,ELIGIBLE,,LOW,SED_GEO_ELIGIBILITY_CENSUS_2025_V1
MKT037_MAPORG_NW4,MKT037,Atlanta,GA,maps_organic,GEOGRID13E_V1,NW4,4.0,33.7896487,-84.4397404,in_country,eligible_land,ELIGIBLE,,LOW,SED_GEO_ELIGIBILITY_CENSUS_2025_V1
MKT038_MAPORG_NE4,MKT038,Charlotte,NC,maps_organic,GEOGRID13E_V1,NE4,4.0,35.2625708,-80.7892847,in_country,eligible_land,ELIGIBLE,,LOW,SED_GEO_ELIGIBILITY_CENSUS_2025_V1
MKT038_MAPORG_SE4,MKT038,Charlotte,NC,maps_organic,GEOGRID13E_V1,SE4,4.0,35.1805135,-80.789335,in_country,eligible_land,ELIGIBLE,,LOW,SED_GEO_ELIGIBILITY_CENSUS_2025_V1
MKT038_MAPORG_SW4,MKT038,Charlotte,NC,maps_organic,GEOGRID13E_V1,SW4,4.0,35.1805135,-80.8892812,in_country,eligible_land,ELIGIBLE,,LOW,SED_GEO_ELIGIBILITY_CENSUS_2025_V1
MKT038_MAPORG_NW4,MKT038,Charlotte,NC,maps_organic,GEOGRID13E_V1,NW4,4.0,35.2625708,-80.8893315,in_country,eligible_land,ELIGIBLE,,LOW,SED_GEO_ELIGIBILITY_CENSUS_2025_V1
MKT039_MAPORG_NE4,MKT039,Raleigh,NC,maps_organic,GEOGRID13E_V1,NE4,4.0,35.8198132,-78.5925594,in_country,eligible_land,ELIGIBLE,,LOW,SED_GEO_ELIGIBILITY_CENSUS_2025_V1
MKT039_MAPORG_SE4,MKT039,Raleigh,NC,maps_organic,GEOGRID13E_V1,SE4,4.0,35.7377634,-78.5926111,in_country,eligible_land,ELIGIBLE,,LOW,SED_GEO_ELIGIBILITY_CENSUS_2025_V1
MKT039_MAPORG_SW4,MKT039,Raleigh,NC,maps_organic,GEOGRID13E_V1,SW4,4.0,35.7377634,-78.6932489,in_country,eligible_land,ELIGIBLE,,LOW,SED_GEO_ELIGIBILITY_CENSUS_2025_V1
MKT039_MAPORG_NW4,MKT039,Raleigh,NC,maps_organic,GEOGRID13E_V1,NW4,4.0,35.8198132,-78.6933006,in_country,eligible_land,ELIGIBLE,,LOW,SED_GEO_ELIGIBILITY_CENSUS_2025_V1
MKT040_MAPORG_NE4,MKT040,Birmingham,AL,maps_organic,GEOGRID13E_V1,NE4,4.0,33.5605803,-86.7617997,in_country,eligible_land,ELIGIBLE,,LOW,SED_GEO_ELIGIBILITY_CENSUS_2025_V1
MKT040_MAPORG_SE4,MKT040,Birmingham,AL,maps_organic,GEOGRID13E_V1,SE4,4.0,33.4785001,-86.761846,in_country,eligible_land,ELIGIBLE,,LOW,SED_GEO_ELIGIBILITY_CENSUS_2025_V1
MKT040_MAPORG_SW4,MKT040,Birmingham,AL,maps_organic,GEOGRID13E_V1,SW4,4.0,33.4785001,-86.859794,in_country,eligible_land,ELIGIBLE,,LOW,SED_GEO_ELIGIBILITY_CENSUS_2025_V1
MKT040_MAPORG_NW4,MKT040,Birmingham,AL,maps_organic,GEOGRID13E_V1,NW4,4.0,33.5605803,-86.8598403,in_country,eligible_land,ELIGIBLE,,LOW,SED_GEO_ELIGIBILITY_CENSUS_2025_V1
MKT041_MAPORG_NE4,MKT041,Miami,FL,maps_organic,GEOGRID13E_V1,NE4,4.0,25.7687656,-80.1883881,in_country,eligible_land,ELIGIBLE,,MED,SED_GEO_ELIGIBILITY_CENSUS_2025_V1
MKT041_MAPORG_SE4,MKT041,Miami,FL,maps_organic,GEOGRID13E_V1,SE4,4.0,25.6865891,-80.1884192,in_country,structural_water_exclusion,STRUCTURAL_WATER,H2051,HIGH,SED_GEO_ELIGIBILITY_CENSUS_2025_V1
MKT041_MAPORG_SW4,MKT041,Miami,FL,maps_organic,GEOGRID13E_V1,SW4,4.0,25.6865891,-80.2791112,in_country,eligible_land,ELIGIBLE,,MED,SED_GEO_ELIGIBILITY_CENSUS_2025_V1
MKT041_MAPORG_NW4,MKT041,Miami,FL,maps_organic,GEOGRID13E_V1,NW4,4.0,25.7687656,-80.2791423,in_country,eligible_land,ELIGIBLE,,LOW,SED_GEO_ELIGIBILITY_CENSUS_2025_V1
MKT042_MAPORG_NE4,MKT042,Tampa,FL,maps_organic,GEOGRID13E_V1,NE4,4.0,27.9887274,-82.4109676,in_country,eligible_land,ELIGIBLE,,LOW,SED_GEO_ELIGIBILITY_CENSUS_2025_V1
MKT042_MAPORG_SE4,MKT042,Tampa,FL,maps_organic,GEOGRID13E_V1,SE4,4.0,27.9065768,-82.4110026,in_country,eligible_land,ELIGIBLE,,MED,SED_GEO_ELIGIBILITY_CENSUS_2025_V1
MKT042_MAPORG_SW4,MKT042,Tampa,FL,maps_organic,GEOGRID13E_V1,SW4,4.0,27.9065768,-82.5034774,in_country,eligible_land,ELIGIBLE,,MED,SED_GEO_ELIGIBILITY_CENSUS_2025_V1
MKT042_MAPORG_NW4,MKT042,Tampa,FL,maps_organic,GEOGRID13E_V1,NW4,4.0,27.9887274,-82.5035124,in_country,eligible_land,ELIGIBLE,,LOW,SED_GEO_ELIGIBILITY_CENSUS_2025_V1
MKT043_MAPORG_NE4,MKT043,Orlando,FL,maps_organic,GEOGRID13E_V1,NE4,4.0,28.5786851,-81.3331525,in_country,eligible_land,ELIGIBLE,,MED,SED_GEO_ELIGIBILITY_CENSUS_2025_V1
MKT043_MAPORG_SE4,MKT043,Orlando,FL,maps_organic,GEOGRID13E_V1,SE4,4.0,28.4965415,-81.3331885,in_country,eligible_land,ELIGIBLE,,LOW,SED_GEO_ELIGIBILITY_CENSUS_2025_V1
MKT043_MAPORG_SW4,MKT043,Orlando,FL,maps_organic,GEOGRID13E_V1,SW4,4.0,28.4965415,-81.4261727,in_country,eligible_land,ELIGIBLE,,MED,SED_GEO_ELIGIBILITY_CENSUS_2025_V1
MKT043_MAPORG_NW4,MKT043,Orlando,FL,maps_organic,GEOGRID13E_V1,NW4,4.0,28.5786851,-81.4262087,in_country,eligible_land,ELIGIBLE,,HIGH,SED_GEO_ELIGIBILITY_CENSUS_2025_V1
MKT044_MAPORG_NE4,MKT044,Jacksonville,FL,maps_organic,GEOGRID13E_V1,NE4,4.0,30.37075,-81.6114672,in_country,eligible_land,ELIGIBLE,,LOW,SED_GEO_ELIGIBILITY_CENSUS_2025_V1
MKT044_MAPORG_SE4,MKT044,Jacksonville,FL,maps_organic,GEOGRID13E_V1,SE4,4.0,30.2886286,-81.6115067,in_country,eligible_land,ELIGIBLE,,MED,SED_GEO_ELIGIBILITY_CENSUS_2025_V1
MKT044_MAPORG_SW4,MKT044,Jacksonville,FL,maps_organic,GEOGRID13E_V1,SW4,4.0,30.2886286,-81.7061353,in_country,eligible_land,ELIGIBLE,,MED,SED_GEO_ELIGIBILITY_CENSUS_2025_V1
MKT044_MAPORG_NW4,MKT044,Jacksonville,FL,maps_organic,GEOGRID13E_V1,NW4,4.0,30.37075,-81.7061748,in_country,eligible_land,ELIGIBLE,,LOW,SED_GEO_ELIGIBILITY_CENSUS_2025_V1
MKT045_MAPORG_NE4,MKT045,Richmond,VA,maps_organic,GEOGRID13E_V1,NE4,4.0,37.5819913,-77.3814262,in_country,eligible_land,ELIGIBLE,,LOW,SED_GEO_ELIGIBILITY_CENSUS_2025_V1
MKT045_MAPORG_SE4,MKT045,Richmond,VA,maps_organic,GEOGRID13E_V1,SE4,4.0,37.4999659,-77.3814826,in_country,eligible_land,ELIGIBLE,,LOW,SED_GEO_ELIGIBILITY_CENSUS_2025_V1
MKT045_MAPORG_SW4,MKT045,Richmond,VA,maps_organic,GEOGRID13E_V1,SW4,4.0,37.4999659,-77.4844374,in_country,eligible_land,ELIGIBLE,,LOW,SED_GEO_ELIGIBILITY_CENSUS_2025_V1
MKT045_MAPORG_NW4,MKT045,Richmond,VA,maps_organic,GEOGRID13E_V1,NW4,4.0,37.5819913,-77.4844938,in_country,eligible_land,ELIGIBLE,,LOW,SED_GEO_ELIGIBILITY_CENSUS_2025_V1
MKT046_MAPORG_NE4,MKT046,Washington,DC,maps_organic,GEOGRID13E_V1,NE4,4.0,38.9360013,-76.9788408,in_country,eligible_land,ELIGIBLE,,LOW,SED_GEO_ELIGIBILITY_CENSUS_2025_V1
MKT046_MAPORG_SE4,MKT046,Washington,DC,maps_organic,GEOGRID13E_V1,SE4,4.0,38.8539948,-76.9789011,in_country,eligible_land,ELIGIBLE,,MED,SED_GEO_ELIGIBILITY_CENSUS_2025_V1
MKT046_MAPORG_SW4,MKT046,Washington,DC,maps_organic,GEOGRID13E_V1,SW4,4.0,38.8539948,-77.0837789,in_country,eligible_land,ELIGIBLE,,MED,SED_GEO_ELIGIBILITY_CENSUS_2025_V1
MKT046_MAPORG_NW4,MKT046,Washington,DC,maps_organic,GEOGRID13E_V1,NW4,4.0,38.9360013,-77.0838392,in_country,eligible_land,ELIGIBLE,,LOW,SED_GEO_ELIGIBILITY_CENSUS_2025_V1
MKT047_MAPORG_NE4,MKT047,Baltimore,MD,maps_organic,GEOGRID13E_V1,NE4,4.0,39.3318683,-76.557896,in_country,eligible_land,ELIGIBLE,,LOW,SED_GEO_ELIGIBILITY_CENSUS_2025_V1
MKT047_MAPORG_SE4,MKT047,Baltimore,MD,maps_organic,GEOGRID13E_V1,SE4,4.0,39.2498675,-76.5579576,in_country,structural_water_exclusion,STRUCTURAL_WATER,H3010,MED,SED_GEO_ELIGIBILITY_CENSUS_2025_V1
MKT047_MAPORG_SW4,MKT047,Baltimore,MD,maps_organic,GEOGRID13E_V1,SW4,4.0,39.2498675,-76.6634224,in_country,eligible_land,ELIGIBLE,,MED,SED_GEO_ELIGIBILITY_CENSUS_2025_V1
MKT047_MAPORG_NW4,MKT047,Baltimore,MD,maps_organic,GEOGRID13E_V1,NW4,4.0,39.3318683,-76.663484,in_country,eligible_land,ELIGIBLE,,LOW,SED_GEO_ELIGIBILITY_CENSUS_2025_V1
MKT048_MAPORG_NE4,MKT048,Philadelphia,PA,maps_organic,GEOGRID13E_V1,NE4,4.0,39.9933134,-75.1102103,in_country,eligible_land,ELIGIBLE,,LOW,SED_GEO_ELIGIBILITY_CENSUS_2025_V1
MKT048_MAPORG_SE4,MKT048,Philadelphia,PA,maps_organic,GEOGRID13E_V1,SE4,4.0,39.9113219,-75.1102739,in_country,eligible_land,ELIGIBLE,,MED,SED_GEO_ELIGIBILITY_CENSUS_2025_V1
MKT048_MAPORG_SW4,MKT048,Philadelphia,PA,maps_organic,GEOGRID13E_V1,SW4,4.0,39.9113219,-75.2167461,in_country,eligible_land,ELIGIBLE,,MED,SED_GEO_ELIGIBILITY_CENSUS_2025_V1
MKT048_MAPORG_NW4,MKT048,Philadelphia,PA,maps_organic,GEOGRID13E_V1,NW4,4.0,39.9933134,-75.2168097,in_country,eligible_land,ELIGIBLE,,LOW,SED_GEO_ELIGIBILITY_CENSUS_2025_V1
MKT049_MAPORG_NE4,MKT049,New York City,NY,maps_organic,GEOGRID13E_V1,NE4,4.0,40.7537176,-73.9521078,in_country,eligible_land,ELIGIBLE,,LOW,SED_GEO_ELIGIBILITY_CENSUS_2025_V1
MKT049_MAPORG_SE4,MKT049,New York City,NY,maps_organic,GEOGRID13E_V1,SE4,4.0,40.6717369,-73.9521738,in_country,eligible_land,ELIGIBLE,,MED,SED_GEO_ELIGIBILITY_CENSUS_2025_V1
MKT049_MAPORG_SW4,MKT049,New York City,NY,maps_organic,GEOGRID13E_V1,SW4,4.0,40.6717369,-74.0598462,in_country,structural_water_exclusion,STRUCTURAL_WATER,H2051,MED,SED_GEO_ELIGIBILITY_CENSUS_2025_V1
MKT049_MAPORG_NW4,MKT049,New York City,NY,maps_organic,GEOGRID13E_V1,NW4,4.0,40.7537176,-74.0599122,in_country,eligible_land,ELIGIBLE,,LOW,SED_GEO_ELIGIBILITY_CENSUS_2025_V1
MKT050_MAPORG_NE4,MKT050,Boston,MA,maps_organic,GEOGRID13E_V1,NE4,4.0,42.4013951,-71.0026701,in_country,eligible_land,ELIGIBLE,,MED,SED_GEO_ELIGIBILITY_CENSUS_2025_V1
MKT050_MAPORG_SE4,MKT050,Boston,MA,maps_organic,GEOGRID13E_V1,SE4,4.0,42.319438,-71.0027419,in_country,structural_water_exclusion,STRUCTURAL_WATER,H2051,MED,SED_GEO_ELIGIBILITY_CENSUS_2025_V1
MKT050_MAPORG_SW4,MKT050,Boston,MA,maps_organic,GEOGRID13E_V1,SW4,4.0,42.319438,-71.1131781,in_country,eligible_land,ELIGIBLE,,MED,SED_GEO_ELIGIBILITY_CENSUS_2025_V1
MKT050_MAPORG_NW4,MKT050,Boston,MA,maps_organic,GEOGRID13E_V1,NW4,4.0,42.4013951,-71.1132499,in_country,eligible_land,ELIGIBLE,,MED,SED_GEO_ELIGIBILITY_CENSUS_2025_V1
