coordinate_id,market_id,city,state,geometry_id,point_id,label,bearing_deg,distance_miles,latitude,longitude,center_method_version,coordinate_method,precision_decimal_places,water_eligibility,provisional_risk
MKT001_MAPORG_NE2,MKT001,Los Angeles,CA,GEOGRID21_V1,NE2,NE 2 mi,45.0,2,34.0742958,-118.2182429,CIVIC_CENTER_ANCHOR_V1_2026-09-09,WGS84_GEODESIC_DIRECT,7,PENDING_TIGER_GATE,LOW
MKT001_MAPORG_SE2,MKT001,Los Angeles,CA,GEOGRID21_V1,SE2,SE 2 mi,135.0,2,34.0332592,-118.2182548,CIVIC_CENTER_ANCHOR_V1_2026-09-09,WGS84_GEODESIC_DIRECT,7,PENDING_TIGER_GATE,LOW
MKT001_MAPORG_SW2,MKT001,Los Angeles,CA,GEOGRID21_V1,SW2,SW 2 mi,225.0,2,34.0332592,-118.2675452,CIVIC_CENTER_ANCHOR_V1_2026-09-09,WGS84_GEODESIC_DIRECT,7,PENDING_TIGER_GATE,LOW
MKT001_MAPORG_NW2,MKT001,Los Angeles,CA,GEOGRID21_V1,NW2,NW 2 mi,315.0,2,34.0742958,-118.2675571,CIVIC_CENTER_ANCHOR_V1_2026-09-09,WGS84_GEODESIC_DIRECT,7,PENDING_TIGER_GATE,LOW
MKT001_MAPORG_NE4,MKT001,Los Angeles,CA,GEOGRID21_V1,NE4,NE 4 mi,45.0,4,34.0948065,-118.1935739,CIVIC_CENTER_ANCHOR_V1_2026-09-09,WGS84_GEODESIC_DIRECT,7,PENDING_TIGER_GATE,LOW
MKT001_MAPORG_SE4,MKT001,Los Angeles,CA,GEOGRID21_V1,SE4,SE 4 mi,135.0,4,34.0127334,-118.1936214,CIVIC_CENTER_ANCHOR_V1_2026-09-09,WGS84_GEODESIC_DIRECT,7,PENDING_TIGER_GATE,LOW
MKT001_MAPORG_SW4,MKT001,Los Angeles,CA,GEOGRID21_V1,SW4,SW 4 mi,225.0,4,34.0127334,-118.2921786,CIVIC_CENTER_ANCHOR_V1_2026-09-09,WGS84_GEODESIC_DIRECT,7,PENDING_TIGER_GATE,LOW
MKT001_MAPORG_NW4,MKT001,Los Angeles,CA,GEOGRID21_V1,NW4,NW 4 mi,315.0,4,34.0948065,-118.2922261,CIVIC_CENTER_ANCHOR_V1_2026-09-09,WGS84_GEODESIC_DIRECT,7,PENDING_TIGER_GATE,LOW
MKT002_MAPORG_NE2,MKT002,San Diego,CA,GEOGRID21_V1,NE2,NE 2 mi,45.0,2,32.7375003,-117.1385277,CIVIC_CENTER_ANCHOR_V1_2026-09-09,WGS84_GEODESIC_DIRECT,7,PENDING_TIGER_GATE,LOW
MKT002_MAPORG_SE2,MKT002,San Diego,CA,GEOGRID21_V1,SE2,SE 2 mi,135.0,2,32.6964549,-117.1385388,CIVIC_CENTER_ANCHOR_V1_2026-09-09,WGS84_GEODESIC_DIRECT,7,PENDING_TIGER_GATE,MED
MKT002_MAPORG_SW2,MKT002,San Diego,CA,GEOGRID21_V1,SW2,SW 2 mi,225.0,2,32.6964549,-117.1870812,CIVIC_CENTER_ANCHOR_V1_2026-09-09,WGS84_GEODESIC_DIRECT,7,PENDING_TIGER_GATE,HIGH
MKT002_MAPORG_NW2,MKT002,San Diego,CA,GEOGRID21_V1,NW2,NW 2 mi,315.0,2,32.7375003,-117.1870923,CIVIC_CENTER_ANCHOR_V1_2026-09-09,WGS84_GEODESIC_DIRECT,7,PENDING_TIGER_GATE,MED
MKT002_MAPORG_NE4,MKT002,San Diego,CA,GEOGRID21_V1,NE4,NE 4 mi,45.0,4,32.7580159,-117.1142342,CIVIC_CENTER_ANCHOR_V1_2026-09-09,WGS84_GEODESIC_DIRECT,7,PENDING_TIGER_GATE,LOW
MKT002_MAPORG_SE4,MKT002,San Diego,CA,GEOGRID21_V1,SE4,SE 4 mi,135.0,4,32.6759251,-117.1142787,CIVIC_CENTER_ANCHOR_V1_2026-09-09,WGS84_GEODESIC_DIRECT,7,PENDING_TIGER_GATE,MED
MKT002_MAPORG_SW4,MKT002,San Diego,CA,GEOGRID21_V1,SW4,SW 4 mi,225.0,4,32.6759251,-117.2113413,CIVIC_CENTER_ANCHOR_V1_2026-09-09,WGS84_GEODESIC_DIRECT,7,PENDING_TIGER_GATE,HIGH
MKT002_MAPORG_NW4,MKT002,San Diego,CA,GEOGRID21_V1,NW4,NW 4 mi,315.0,4,32.7580159,-117.2113858,CIVIC_CENTER_ANCHOR_V1_2026-09-09,WGS84_GEODESIC_DIRECT,7,PENDING_TIGER_GATE,MED
MKT003_MAPORG_NE2,MKT003,San Francisco,CA,GEOGRID21_V1,NE2,NE 2 mi,45.0,2,37.7997577,-122.3933396,CIVIC_CENTER_ANCHOR_V1_2026-09-09,WGS84_GEODESIC_DIRECT,7,PENDING_TIGER_GATE,HIGH
MKT003_MAPORG_SE2,MKT003,San Francisco,CA,GEOGRID21_V1,SE2,SE 2 mi,135.0,2,37.7587466,-122.3933539,CIVIC_CENTER_ANCHOR_V1_2026-09-09,WGS84_GEODESIC_DIRECT,7,PENDING_TIGER_GATE,MED
MKT003_MAPORG_SW2,MKT003,San Francisco,CA,GEOGRID21_V1,SW2,SW 2 mi,225.0,2,37.7587466,-122.4450101,CIVIC_CENTER_ANCHOR_V1_2026-09-09,WGS84_GEODESIC_DIRECT,7,PENDING_TIGER_GATE,LOW
MKT003_MAPORG_NW2,MKT003,San Francisco,CA,GEOGRID21_V1,NW2,NW 2 mi,315.0,2,37.7997577,-122.4450244,CIVIC_CENTER_ANCHOR_V1_2026-09-09,WGS84_GEODESIC_DIRECT,7,PENDING_TIGER_GATE,MED
MKT003_MAPORG_NE4,MKT003,San Francisco,CA,GEOGRID21_V1,NE4,NE 4 mi,45.0,4,37.8202546,-122.367483,CIVIC_CENTER_ANCHOR_V1_2026-09-09,WGS84_GEODESIC_DIRECT,7,PENDING_TIGER_GATE,HIGH
MKT003_MAPORG_SE4,MKT003,San Francisco,CA,GEOGRID21_V1,SE4,SE 4 mi,135.0,4,37.7382325,-122.3675401,CIVIC_CENTER_ANCHOR_V1_2026-09-09,WGS84_GEODESIC_DIRECT,7,PENDING_TIGER_GATE,MED
MKT003_MAPORG_SW4,MKT003,San Francisco,CA,GEOGRID21_V1,SW4,SW 4 mi,225.0,4,37.7382325,-122.4708239,CIVIC_CENTER_ANCHOR_V1_2026-09-09,WGS84_GEODESIC_DIRECT,7,PENDING_TIGER_GATE,LOW
MKT003_MAPORG_NW4,MKT003,San Francisco,CA,GEOGRID21_V1,NW4,NW 4 mi,315.0,4,37.8202546,-122.470881,CIVIC_CENTER_ANCHOR_V1_2026-09-09,WGS84_GEODESIC_DIRECT,7,PENDING_TIGER_GATE,MED
MKT004_MAPORG_NE2,MKT004,Sacramento,CA,GEOGRID21_V1,NE2,NE 2 mi,45.0,2,38.6025838,-121.4673113,CIVIC_CENTER_ANCHOR_V1_2026-09-09,WGS84_GEODESIC_DIRECT,7,PENDING_TIGER_GATE,MED
MKT004_MAPORG_SE2,MKT004,Sacramento,CA,GEOGRID21_V1,SE2,SE 2 mi,135.0,2,38.5615783,-121.4673261,CIVIC_CENTER_ANCHOR_V1_2026-09-09,WGS84_GEODESIC_DIRECT,7,PENDING_TIGER_GATE,MED
MKT004_MAPORG_SW2,MKT004,Sacramento,CA,GEOGRID21_V1,SW2,SW 2 mi,225.0,2,38.5615783,-121.5195519,CIVIC_CENTER_ANCHOR_V1_2026-09-09,WGS84_GEODESIC_DIRECT,7,PENDING_TIGER_GATE,LOW
MKT004_MAPORG_NW2,MKT004,Sacramento,CA,GEOGRID21_V1,NW2,NW 2 mi,315.0,2,38.6025838,-121.5195667,CIVIC_CENTER_ANCHOR_V1_2026-09-09,WGS84_GEODESIC_DIRECT,7,PENDING_TIGER_GATE,LOW
MKT004_MAPORG_NE4,MKT004,Sacramento,CA,GEOGRID21_V1,NE4,NE 4 mi,45.0,4,38.6230776,-121.4411687,CIVIC_CENTER_ANCHOR_V1_2026-09-09,WGS84_GEODESIC_DIRECT,7,PENDING_TIGER_GATE,MED
MKT004_MAPORG_SE4,MKT004,Sacramento,CA,GEOGRID21_V1,SE4,SE 4 mi,135.0,4,38.5410668,-121.4412281,CIVIC_CENTER_ANCHOR_V1_2026-09-09,WGS84_GEODESIC_DIRECT,7,PENDING_TIGER_GATE,MED
MKT004_MAPORG_SW4,MKT004,Sacramento,CA,GEOGRID21_V1,SW4,SW 4 mi,225.0,4,38.5410668,-121.5456499,CIVIC_CENTER_ANCHOR_V1_2026-09-09,WGS84_GEODESIC_DIRECT,7,PENDING_TIGER_GATE,LOW
MKT004_MAPORG_NW4,MKT004,Sacramento,CA,GEOGRID21_V1,NW4,NW 4 mi,315.0,4,38.6230776,-121.5457093,CIVIC_CENTER_ANCHOR_V1_2026-09-09,WGS84_GEODESIC_DIRECT,7,PENDING_TIGER_GATE,LOW
MKT005_MAPORG_NE2,MKT005,Fresno,CA,GEOGRID21_V1,NE2,NE 2 mi,45.0,2,36.7601964,-119.7590206,CIVIC_CENTER_ANCHOR_V1_2026-09-09,WGS84_GEODESIC_DIRECT,7,PENDING_TIGER_GATE,LOW
MKT005_MAPORG_SE2,MKT005,Fresno,CA,GEOGRID21_V1,SE2,SE 2 mi,135.0,2,36.7191781,-119.7590342,CIVIC_CENTER_ANCHOR_V1_2026-09-09,WGS84_GEODESIC_DIRECT,7,PENDING_TIGER_GATE,LOW
MKT005_MAPORG_SW2,MKT005,Fresno,CA,GEOGRID21_V1,SW2,SW 2 mi,225.0,2,36.7191781,-119.8099858,CIVIC_CENTER_ANCHOR_V1_2026-09-09,WGS84_GEODESIC_DIRECT,7,PENDING_TIGER_GATE,LOW
MKT005_MAPORG_NW2,MKT005,Fresno,CA,GEOGRID21_V1,NW2,NW 2 mi,315.0,2,36.7601964,-119.8099994,CIVIC_CENTER_ANCHOR_V1_2026-09-09,WGS84_GEODESIC_DIRECT,7,PENDING_TIGER_GATE,LOW
MKT005_MAPORG_NE4,MKT005,Fresno,CA,GEOGRID21_V1,NE4,NE 4 mi,45.0,4,36.7806972,-119.7335177,CIVIC_CENTER_ANCHOR_V1_2026-09-09,WGS84_GEODESIC_DIRECT,7,PENDING_TIGER_GATE,LOW
MKT005_MAPORG_SE4,MKT005,Fresno,CA,GEOGRID21_V1,SE4,SE 4 mi,135.0,4,36.6986607,-119.7335719,CIVIC_CENTER_ANCHOR_V1_2026-09-09,WGS84_GEODESIC_DIRECT,7,PENDING_TIGER_GATE,LOW
MKT005_MAPORG_SW4,MKT005,Fresno,CA,GEOGRID21_V1,SW4,SW 4 mi,225.0,4,36.6986607,-119.8354481,CIVIC_CENTER_ANCHOR_V1_2026-09-09,WGS84_GEODESIC_DIRECT,7,PENDING_TIGER_GATE,LOW
MKT005_MAPORG_NW4,MKT005,Fresno,CA,GEOGRID21_V1,NW4,NW 4 mi,315.0,4,36.7806972,-119.8355023,CIVIC_CENTER_ANCHOR_V1_2026-09-09,WGS84_GEODESIC_DIRECT,7,PENDING_TIGER_GATE,LOW
MKT006_MAPORG_NE2,MKT006,Bakersfield,CA,GEOGRID21_V1,NE2,NE 2 mi,45.0,2,35.3932912,-118.994388,CIVIC_CENTER_ANCHOR_V1_2026-09-09,WGS84_GEODESIC_DIRECT,7,PENDING_TIGER_GATE,LOW
MKT006_MAPORG_SE2,MKT006,Bakersfield,CA,GEOGRID21_V1,SE2,SE 2 mi,135.0,2,35.3522635,-118.9944007,CIVIC_CENTER_ANCHOR_V1_2026-09-09,WGS84_GEODESIC_DIRECT,7,PENDING_TIGER_GATE,LOW
MKT006_MAPORG_SW2,MKT006,Bakersfield,CA,GEOGRID21_V1,SW2,SW 2 mi,225.0,2,35.3522635,-119.0444793,CIVIC_CENTER_ANCHOR_V1_2026-09-09,WGS84_GEODESIC_DIRECT,7,PENDING_TIGER_GATE,LOW
MKT006_MAPORG_NW2,MKT006,Bakersfield,CA,GEOGRID21_V1,NW2,NW 2 mi,315.0,2,35.3932912,-119.044492,CIVIC_CENTER_ANCHOR_V1_2026-09-09,WGS84_GEODESIC_DIRECT,7,PENDING_TIGER_GATE,LOW
MKT006_MAPORG_NE4,MKT006,Bakersfield,CA,GEOGRID21_V1,NE4,NE 4 mi,45.0,4,35.4137971,-118.9693233,CIVIC_CENTER_ANCHOR_V1_2026-09-09,WGS84_GEODESIC_DIRECT,7,PENDING_TIGER_GATE,LOW
MKT006_MAPORG_SE4,MKT006,Bakersfield,CA,GEOGRID21_V1,SE4,SE 4 mi,135.0,4,35.3317418,-118.969374,CIVIC_CENTER_ANCHOR_V1_2026-09-09,WGS84_GEODESIC_DIRECT,7,PENDING_TIGER_GATE,LOW
MKT006_MAPORG_SW4,MKT006,Bakersfield,CA,GEOGRID21_V1,SW4,SW 4 mi,225.0,4,35.3317418,-119.069506,CIVIC_CENTER_ANCHOR_V1_2026-09-09,WGS84_GEODESIC_DIRECT,7,PENDING_TIGER_GATE,LOW
MKT006_MAPORG_NW4,MKT006,Bakersfield,CA,GEOGRID21_V1,NW4,NW 4 mi,315.0,4,35.4137971,-119.0695567,CIVIC_CENTER_ANCHOR_V1_2026-09-09,WGS84_GEODESIC_DIRECT,7,PENDING_TIGER_GATE,LOW
MKT007_MAPORG_NE2,MKT007,Portland,OR,GEOGRID21_V1,NE2,NE 2 mi,45.0,2,45.5354882,-122.6499718,CIVIC_CENTER_ANCHOR_V1_2026-09-09,WGS84_GEODESIC_DIRECT,7,PENDING_TIGER_GATE,LOW
MKT007_MAPORG_SE2,MKT007,Portland,OR,GEOGRID21_V1,SE2,SE 2 mi,135.0,2,45.4945323,-122.6499929,CIVIC_CENTER_ANCHOR_V1_2026-09-09,WGS84_GEODESIC_DIRECT,7,PENDING_TIGER_GATE,LOW
MKT007_MAPORG_SW2,MKT007,Portland,OR,GEOGRID21_V1,SW2,SW 2 mi,225.0,2,45.4945323,-122.7082271,CIVIC_CENTER_ANCHOR_V1_2026-09-09,WGS84_GEODESIC_DIRECT,7,PENDING_TIGER_GATE,LOW
MKT007_MAPORG_NW2,MKT007,Portland,OR,GEOGRID21_V1,NW2,NW 2 mi,315.0,2,45.5354882,-122.7082482,CIVIC_CENTER_ANCHOR_V1_2026-09-09,WGS84_GEODESIC_DIRECT,7,PENDING_TIGER_GATE,LOW
MKT007_MAPORG_NE4,MKT007,Portland,OR,GEOGRID21_V1,NE4,NE 4 mi,45.0,4,45.5559549,-122.6208124,CIVIC_CENTER_ANCHOR_V1_2026-09-09,WGS84_GEODESIC_DIRECT,7,PENDING_TIGER_GATE,LOW
MKT007_MAPORG_SE4,MKT007,Portland,OR,GEOGRID21_V1,SE4,SE 4 mi,135.0,4,45.4740431,-122.6208969,CIVIC_CENTER_ANCHOR_V1_2026-09-09,WGS84_GEODESIC_DIRECT,7,PENDING_TIGER_GATE,LOW
MKT007_MAPORG_SW4,MKT007,Portland,OR,GEOGRID21_V1,SW4,SW 4 mi,225.0,4,45.4740431,-122.7373231,CIVIC_CENTER_ANCHOR_V1_2026-09-09,WGS84_GEODESIC_DIRECT,7,PENDING_TIGER_GATE,LOW
MKT007_MAPORG_NW4,MKT007,Portland,OR,GEOGRID21_V1,NW4,NW 4 mi,315.0,4,45.5559549,-122.7374076,CIVIC_CENTER_ANCHOR_V1_2026-09-09,WGS84_GEODESIC_DIRECT,7,PENDING_TIGER_GATE,LOW
MKT008_MAPORG_NE2,MKT008,Vancouver,WA,GEOGRID21_V1,NE2,NE 2 mi,45.0,2,45.6461288,-122.6463043,CIVIC_CENTER_ANCHOR_V1_2026-09-09,WGS84_GEODESIC_DIRECT,7,PENDING_TIGER_GATE,LOW
MKT008_MAPORG_SE2,MKT008,Vancouver,WA,GEOGRID21_V1,SE2,SE 2 mi,135.0,2,45.6051737,-122.6463255,CIVIC_CENTER_ANCHOR_V1_2026-09-09,WGS84_GEODESIC_DIRECT,7,PENDING_TIGER_GATE,LOW
MKT008_MAPORG_SW2,MKT008,Vancouver,WA,GEOGRID21_V1,SW2,SW 2 mi,225.0,2,45.6051737,-122.7046741,CIVIC_CENTER_ANCHOR_V1_2026-09-09,WGS84_GEODESIC_DIRECT,7,PENDING_TIGER_GATE,MED
MKT008_MAPORG_NW2,MKT008,Vancouver,WA,GEOGRID21_V1,NW2,NW 2 mi,315.0,2,45.6461288,-122.7046953,CIVIC_CENTER_ANCHOR_V1_2026-09-09,WGS84_GEODESIC_DIRECT,7,PENDING_TIGER_GATE,MED
MKT008_MAPORG_NE4,MKT008,Vancouver,WA,GEOGRID21_V1,NE4,NE 4 mi,45.0,4,45.666595,-122.6170875,CIVIC_CENTER_ANCHOR_V1_2026-09-09,WGS84_GEODESIC_DIRECT,7,PENDING_TIGER_GATE,LOW
MKT008_MAPORG_SE4,MKT008,Vancouver,WA,GEOGRID21_V1,SE4,SE 4 mi,135.0,4,45.5846849,-122.6171725,CIVIC_CENTER_ANCHOR_V1_2026-09-09,WGS84_GEODESIC_DIRECT,7,PENDING_TIGER_GATE,LOW
MKT008_MAPORG_SW4,MKT008,Vancouver,WA,GEOGRID21_V1,SW4,SW 4 mi,225.0,4,45.5846849,-122.7338271,CIVIC_CENTER_ANCHOR_V1_2026-09-09,WGS84_GEODESIC_DIRECT,7,PENDING_TIGER_GATE,LOW
MKT008_MAPORG_NW4,MKT008,Vancouver,WA,GEOGRID21_V1,NW4,NW 4 mi,315.0,4,45.666595,-122.7339121,CIVIC_CENTER_ANCHOR_V1_2026-09-09,WGS84_GEODESIC_DIRECT,7,PENDING_TIGER_GATE,LOW
MKT009_MAPORG_NE2,MKT009,Seattle,WA,GEOGRID21_V1,NE2,NE 2 mi,45.0,2,47.6243444,-122.2997217,CIVIC_CENTER_ANCHOR_V1_2026-09-09,WGS84_GEODESIC_DIRECT,7,PENDING_TIGER_GATE,HIGH
MKT009_MAPORG_SE2,MKT009,Seattle,WA,GEOGRID21_V1,SE2,SE 2 mi,135.0,2,47.5834035,-122.2997453,CIVIC_CENTER_ANCHOR_V1_2026-09-09,WGS84_GEODESIC_DIRECT,7,PENDING_TIGER_GATE,MED
MKT009_MAPORG_SW2,MKT009,Seattle,WA,GEOGRID21_V1,SW2,SW 2 mi,225.0,2,47.5834035,-122.3602567,CIVIC_CENTER_ANCHOR_V1_2026-09-09,WGS84_GEODESIC_DIRECT,7,PENDING_TIGER_GATE,MED
MKT009_MAPORG_NW2,MKT009,Seattle,WA,GEOGRID21_V1,NW2,NW 2 mi,315.0,2,47.6243444,-122.3602803,CIVIC_CENTER_ANCHOR_V1_2026-09-09,WGS84_GEODESIC_DIRECT,7,PENDING_TIGER_GATE,HIGH
MKT009_MAPORG_NE4,MKT009,Seattle,WA,GEOGRID21_V1,NE4,NE 4 mi,45.0,4,47.6448027,-122.2694188,CIVIC_CENTER_ANCHOR_V1_2026-09-09,WGS84_GEODESIC_DIRECT,7,PENDING_TIGER_GATE,HIGH
MKT009_MAPORG_SE4,MKT009,Seattle,WA,GEOGRID21_V1,SE4,SE 4 mi,135.0,4,47.562921,-122.2695133,CIVIC_CENTER_ANCHOR_V1_2026-09-09,WGS84_GEODESIC_DIRECT,7,PENDING_TIGER_GATE,MED
MKT009_MAPORG_SW4,MKT009,Seattle,WA,GEOGRID21_V1,SW4,SW 4 mi,225.0,4,47.562921,-122.3904887,CIVIC_CENTER_ANCHOR_V1_2026-09-09,WGS84_GEODESIC_DIRECT,7,PENDING_TIGER_GATE,MED
MKT009_MAPORG_NW4,MKT009,Seattle,WA,GEOGRID21_V1,NW4,NW 4 mi,315.0,4,47.6448027,-122.3905832,CIVIC_CENTER_ANCHOR_V1_2026-09-09,WGS84_GEODESIC_DIRECT,7,PENDING_TIGER_GATE,HIGH
MKT010_MAPORG_NE2,MKT010,Spokane,WA,GEOGRID21_V1,NE2,NE 2 mi,45.0,2,47.6802762,-117.3922184,CIVIC_CENTER_ANCHOR_V1_2026-09-09,WGS84_GEODESIC_DIRECT,7,PENDING_TIGER_GATE,LOW
MKT010_MAPORG_SE2,MKT010,Spokane,WA,GEOGRID21_V1,SE2,SE 2 mi,135.0,2,47.6393357,-117.3922421,CIVIC_CENTER_ANCHOR_V1_2026-09-09,WGS84_GEODESIC_DIRECT,7,PENDING_TIGER_GATE,LOW
MKT010_MAPORG_SW2,MKT010,Spokane,WA,GEOGRID21_V1,SW2,SW 2 mi,225.0,2,47.6393357,-117.4528179,CIVIC_CENTER_ANCHOR_V1_2026-09-09,WGS84_GEODESIC_DIRECT,7,PENDING_TIGER_GATE,LOW
MKT010_MAPORG_NW2,MKT010,Spokane,WA,GEOGRID21_V1,NW2,NW 2 mi,315.0,2,47.6802762,-117.4528416,CIVIC_CENTER_ANCHOR_V1_2026-09-09,WGS84_GEODESIC_DIRECT,7,PENDING_TIGER_GATE,LOW
MKT010_MAPORG_NE4,MKT010,Spokane,WA,GEOGRID21_V1,NE4,NE 4 mi,45.0,4,47.7007343,-117.3618831,CIVIC_CENTER_ANCHOR_V1_2026-09-09,WGS84_GEODESIC_DIRECT,7,PENDING_TIGER_GATE,LOW
MKT010_MAPORG_SE4,MKT010,Spokane,WA,GEOGRID21_V1,SE4,SE 4 mi,135.0,4,47.6188534,-117.3619778,CIVIC_CENTER_ANCHOR_V1_2026-09-09,WGS84_GEODESIC_DIRECT,7,PENDING_TIGER_GATE,LOW
MKT010_MAPORG_SW4,MKT010,Spokane,WA,GEOGRID21_V1,SW4,SW 4 mi,225.0,4,47.6188534,-117.4830822,CIVIC_CENTER_ANCHOR_V1_2026-09-09,WGS84_GEODESIC_DIRECT,7,PENDING_TIGER_GATE,LOW
MKT010_MAPORG_NW4,MKT010,Spokane,WA,GEOGRID21_V1,NW4,NW 4 mi,315.0,4,47.7007343,-117.4831769,CIVIC_CENTER_ANCHOR_V1_2026-09-09,WGS84_GEODESIC_DIRECT,7,PENDING_TIGER_GATE,LOW
MKT011_MAPORG_NE2,MKT011,Phoenix,AZ,GEOGRID21_V1,NE2,NE 2 mi,45.0,2,33.4693078,-112.0526156,CIVIC_CENTER_ANCHOR_V1_2026-09-09,WGS84_GEODESIC_DIRECT,7,PENDING_TIGER_GATE,LOW
MKT011_MAPORG_SE2,MKT011,Phoenix,AZ,GEOGRID21_V1,SE2,SE 2 mi,135.0,2,33.4282673,-112.0526271,CIVIC_CENTER_ANCHOR_V1_2026-09-09,WGS84_GEODESIC_DIRECT,7,PENDING_TIGER_GATE,LOW
MKT011_MAPORG_SW2,MKT011,Phoenix,AZ,GEOGRID21_V1,SW2,SW 2 mi,225.0,2,33.4282673,-112.1015729,CIVIC_CENTER_ANCHOR_V1_2026-09-09,WGS84_GEODESIC_DIRECT,7,PENDING_TIGER_GATE,LOW
MKT011_MAPORG_NW2,MKT011,Phoenix,AZ,GEOGRID21_V1,NW2,NW 2 mi,315.0,2,33.4693078,-112.1015844,CIVIC_CENTER_ANCHOR_V1_2026-09-09,WGS84_GEODESIC_DIRECT,7,PENDING_TIGER_GATE,LOW
MKT011_MAPORG_NE4,MKT011,Phoenix,AZ,GEOGRID21_V1,NE4,NE 4 mi,45.0,4,33.4898208,-112.0281196,CIVIC_CENTER_ANCHOR_V1_2026-09-09,WGS84_GEODESIC_DIRECT,7,PENDING_TIGER_GATE,LOW
MKT011_MAPORG_SE4,MKT011,Phoenix,AZ,GEOGRID21_V1,SE4,SE 4 mi,135.0,4,33.4077396,-112.0281658,CIVIC_CENTER_ANCHOR_V1_2026-09-09,WGS84_GEODESIC_DIRECT,7,PENDING_TIGER_GATE,LOW
MKT011_MAPORG_SW4,MKT011,Phoenix,AZ,GEOGRID21_V1,SW4,SW 4 mi,225.0,4,33.4077396,-112.1260342,CIVIC_CENTER_ANCHOR_V1_2026-09-09,WGS84_GEODESIC_DIRECT,7,PENDING_TIGER_GATE,LOW
MKT011_MAPORG_NW4,MKT011,Phoenix,AZ,GEOGRID21_V1,NW4,NW 4 mi,315.0,4,33.4898208,-112.1260804,CIVIC_CENTER_ANCHOR_V1_2026-09-09,WGS84_GEODESIC_DIRECT,7,PENDING_TIGER_GATE,LOW
MKT012_MAPORG_NE2,MKT012,Tucson,AZ,GEOGRID21_V1,NE2,NE 2 mi,45.0,2,32.243092,-110.9506101,CIVIC_CENTER_ANCHOR_V1_2026-09-09,WGS84_GEODESIC_DIRECT,7,PENDING_TIGER_GATE,LOW
MKT012_MAPORG_SE2,MKT012,Tucson,AZ,GEOGRID21_V1,SE2,SE 2 mi,135.0,2,32.2020433,-110.950621,CIVIC_CENTER_ANCHOR_V1_2026-09-09,WGS84_GEODESIC_DIRECT,7,PENDING_TIGER_GATE,LOW
MKT012_MAPORG_SW2,MKT012,Tucson,AZ,GEOGRID21_V1,SW2,SW 2 mi,225.0,2,32.2020433,-110.998899,CIVIC_CENTER_ANCHOR_V1_2026-09-09,WGS84_GEODESIC_DIRECT,7,PENDING_TIGER_GATE,LOW
MKT012_MAPORG_NW2,MKT012,Tucson,AZ,GEOGRID21_V1,NW2,NW 2 mi,315.0,2,32.243092,-110.9989099,CIVIC_CENTER_ANCHOR_V1_2026-09-09,WGS84_GEODESIC_DIRECT,7,PENDING_TIGER_GATE,LOW
MKT012_MAPORG_NE4,MKT012,Tucson,AZ,GEOGRID21_V1,NE4,NE 4 mi,45.0,4,32.2636093,-110.9264494,CIVIC_CENTER_ANCHOR_V1_2026-09-09,WGS84_GEODESIC_DIRECT,7,PENDING_TIGER_GATE,LOW
MKT012_MAPORG_SE4,MKT012,Tucson,AZ,GEOGRID21_V1,SE4,SE 4 mi,135.0,4,32.181512,-110.9264928,CIVIC_CENTER_ANCHOR_V1_2026-09-09,WGS84_GEODESIC_DIRECT,7,PENDING_TIGER_GATE,LOW
MKT012_MAPORG_SW4,MKT012,Tucson,AZ,GEOGRID21_V1,SW4,SW 4 mi,225.0,4,32.181512,-111.0230272,CIVIC_CENTER_ANCHOR_V1_2026-09-09,WGS84_GEODESIC_DIRECT,7,PENDING_TIGER_GATE,LOW
MKT012_MAPORG_NW4,MKT012,Tucson,AZ,GEOGRID21_V1,NW4,NW 4 mi,315.0,4,32.2636093,-111.0230706,CIVIC_CENTER_ANCHOR_V1_2026-09-09,WGS84_GEODESIC_DIRECT,7,PENDING_TIGER_GATE,LOW
MKT013_MAPORG_NE2,MKT013,Las Vegas,NV,GEOGRID21_V1,NE2,NE 2 mi,45.0,2,36.1878984,-115.1231973,CIVIC_CENTER_ANCHOR_V1_2026-09-09,WGS84_GEODESIC_DIRECT,7,PENDING_TIGER_GATE,LOW
MKT013_MAPORG_SE2,MKT013,Las Vegas,NV,GEOGRID21_V1,SE2,SE 2 mi,135.0,2,36.1468762,-115.1232105,CIVIC_CENTER_ANCHOR_V1_2026-09-09,WGS84_GEODESIC_DIRECT,7,PENDING_TIGER_GATE,LOW
MKT013_MAPORG_SW2,MKT013,Las Vegas,NV,GEOGRID21_V1,SW2,SW 2 mi,225.0,2,36.1468762,-115.1737895,CIVIC_CENTER_ANCHOR_V1_2026-09-09,WGS84_GEODESIC_DIRECT,7,PENDING_TIGER_GATE,LOW
MKT013_MAPORG_NW2,MKT013,Las Vegas,NV,GEOGRID21_V1,NW2,NW 2 mi,315.0,2,36.1878984,-115.1738027,CIVIC_CENTER_ANCHOR_V1_2026-09-09,WGS84_GEODESIC_DIRECT,7,PENDING_TIGER_GATE,LOW
MKT013_MAPORG_NE4,MKT013,Las Vegas,NV,GEOGRID21_V1,NE4,NE 4 mi,45.0,4,36.2084014,-115.0978815,CIVIC_CENTER_ANCHOR_V1_2026-09-09,WGS84_GEODESIC_DIRECT,7,PENDING_TIGER_GATE,LOW
MKT013_MAPORG_SE4,MKT013,Las Vegas,NV,GEOGRID21_V1,SE4,SE 4 mi,135.0,4,36.126357,-115.0979342,CIVIC_CENTER_ANCHOR_V1_2026-09-09,WGS84_GEODESIC_DIRECT,7,PENDING_TIGER_GATE,LOW
MKT013_MAPORG_SW4,MKT013,Las Vegas,NV,GEOGRID21_V1,SW4,SW 4 mi,225.0,4,36.126357,-115.1990658,CIVIC_CENTER_ANCHOR_V1_2026-09-09,WGS84_GEODESIC_DIRECT,7,PENDING_TIGER_GATE,LOW
MKT013_MAPORG_NW4,MKT013,Las Vegas,NV,GEOGRID21_V1,NW4,NW 4 mi,315.0,4,36.2084014,-115.1991185,CIVIC_CENTER_ANCHOR_V1_2026-09-09,WGS84_GEODESIC_DIRECT,7,PENDING_TIGER_GATE,LOW
MKT014_MAPORG_NE2,MKT014,Reno,NV,GEOGRID21_V1,NE2,NE 2 mi,45.0,2,39.5466563,-119.7861718,CIVIC_CENTER_ANCHOR_V1_2026-09-09,WGS84_GEODESIC_DIRECT,7,PENDING_TIGER_GATE,LOW
MKT014_MAPORG_SE2,MKT014,Reno,NV,GEOGRID21_V1,SE2,SE 2 mi,135.0,2,39.5056576,-119.7861874,CIVIC_CENTER_ANCHOR_V1_2026-09-09,WGS84_GEODESIC_DIRECT,7,PENDING_TIGER_GATE,LOW
MKT014_MAPORG_SW2,MKT014,Reno,NV,GEOGRID21_V1,SW2,SW 2 mi,225.0,2,39.5056576,-119.8391126,CIVIC_CENTER_ANCHOR_V1_2026-09-09,WGS84_GEODESIC_DIRECT,7,PENDING_TIGER_GATE,LOW
MKT014_MAPORG_NW2,MKT014,Reno,NV,GEOGRID21_V1,NW2,NW 2 mi,315.0,2,39.5466563,-119.8391282,CIVIC_CENTER_ANCHOR_V1_2026-09-09,WGS84_GEODESIC_DIRECT,7,PENDING_TIGER_GATE,LOW
MKT014_MAPORG_NE4,MKT014,Reno,NV,GEOGRID21_V1,NE4,NE 4 mi,45.0,4,39.5671466,-119.759678,CIVIC_CENTER_ANCHOR_V1_2026-09-09,WGS84_GEODESIC_DIRECT,7,PENDING_TIGER_GATE,LOW
MKT014_MAPORG_SE4,MKT014,Reno,NV,GEOGRID21_V1,SE4,SE 4 mi,135.0,4,39.485149,-119.7597403,CIVIC_CENTER_ANCHOR_V1_2026-09-09,WGS84_GEODESIC_DIRECT,7,PENDING_TIGER_GATE,LOW
MKT014_MAPORG_SW4,MKT014,Reno,NV,GEOGRID21_V1,SW4,SW 4 mi,225.0,4,39.485149,-119.8655597,CIVIC_CENTER_ANCHOR_V1_2026-09-09,WGS84_GEODESIC_DIRECT,7,PENDING_TIGER_GATE,LOW
MKT014_MAPORG_NW4,MKT014,Reno,NV,GEOGRID21_V1,NW4,NW 4 mi,315.0,4,39.5671466,-119.865622,CIVIC_CENTER_ANCHOR_V1_2026-09-09,WGS84_GEODESIC_DIRECT,7,PENDING_TIGER_GATE,LOW
MKT015_MAPORG_NE2,MKT015,Salt Lake City,UT,GEOGRID21_V1,NE2,NE 2 mi,45.0,2,40.7800748,-111.8598442,CIVIC_CENTER_ANCHOR_V1_2026-09-09,WGS84_GEODESIC_DIRECT,7,PENDING_TIGER_GATE,LOW
MKT015_MAPORG_SE2,MKT015,Salt Lake City,UT,GEOGRID21_V1,SE2,SE 2 mi,135.0,2,40.7390848,-111.8598608,CIVIC_CENTER_ANCHOR_V1_2026-09-09,WGS84_GEODESIC_DIRECT,7,PENDING_TIGER_GATE,LOW
MKT015_MAPORG_SW2,MKT015,Salt Lake City,UT,GEOGRID21_V1,SW2,SW 2 mi,225.0,2,40.7390848,-111.9137512,CIVIC_CENTER_ANCHOR_V1_2026-09-09,WGS84_GEODESIC_DIRECT,7,PENDING_TIGER_GATE,LOW
MKT015_MAPORG_NW2,MKT015,Salt Lake City,UT,GEOGRID21_V1,NW2,NW 2 mi,315.0,2,40.7800748,-111.9137678,CIVIC_CENTER_ANCHOR_V1_2026-09-09,WGS84_GEODESIC_DIRECT,7,PENDING_TIGER_GATE,LOW
MKT015_MAPORG_NE4,MKT015,Salt Lake City,UT,GEOGRID21_V1,NE4,NE 4 mi,45.0,4,40.8005603,-111.8328659,CIVIC_CENTER_ANCHOR_V1_2026-09-09,WGS84_GEODESIC_DIRECT,7,PENDING_TIGER_GATE,LOW
MKT015_MAPORG_SE4,MKT015,Salt Lake City,UT,GEOGRID21_V1,SE4,SE 4 mi,135.0,4,40.7185802,-111.8329321,CIVIC_CENTER_ANCHOR_V1_2026-09-09,WGS84_GEODESIC_DIRECT,7,PENDING_TIGER_GATE,LOW
MKT015_MAPORG_SW4,MKT015,Salt Lake City,UT,GEOGRID21_V1,SW4,SW 4 mi,225.0,4,40.7185802,-111.9406799,CIVIC_CENTER_ANCHOR_V1_2026-09-09,WGS84_GEODESIC_DIRECT,7,PENDING_TIGER_GATE,LOW
MKT015_MAPORG_NW4,MKT015,Salt Lake City,UT,GEOGRID21_V1,NW4,NW 4 mi,315.0,4,40.8005603,-111.9407461,CIVIC_CENTER_ANCHOR_V1_2026-09-09,WGS84_GEODESIC_DIRECT,7,PENDING_TIGER_GATE,LOW
MKT016_MAPORG_NE2,MKT016,Denver,CO,GEOGRID21_V1,NE2,NE 2 mi,45.0,2,39.7599356,-104.9623303,CIVIC_CENTER_ANCHOR_V1_2026-09-09,WGS84_GEODESIC_DIRECT,7,PENDING_TIGER_GATE,LOW
MKT016_MAPORG_SE2,MKT016,Denver,CO,GEOGRID21_V1,SE2,SE 2 mi,135.0,2,39.7189383,-104.9623461,CIVIC_CENTER_ANCHOR_V1_2026-09-09,WGS84_GEODESIC_DIRECT,7,PENDING_TIGER_GATE,LOW
MKT016_MAPORG_SW2,MKT016,Denver,CO,GEOGRID21_V1,SW2,SW 2 mi,225.0,2,39.7189383,-105.0154339,CIVIC_CENTER_ANCHOR_V1_2026-09-09,WGS84_GEODESIC_DIRECT,7,PENDING_TIGER_GATE,LOW
MKT016_MAPORG_NW2,MKT016,Denver,CO,GEOGRID21_V1,NW2,NW 2 mi,315.0,2,39.7599356,-105.0154497,CIVIC_CENTER_ANCHOR_V1_2026-09-09,WGS84_GEODESIC_DIRECT,7,PENDING_TIGER_GATE,LOW
MKT016_MAPORG_NE4,MKT016,Denver,CO,GEOGRID21_V1,NE4,NE 4 mi,45.0,4,39.780425,-104.9357549,CIVIC_CENTER_ANCHOR_V1_2026-09-09,WGS84_GEODESIC_DIRECT,7,PENDING_TIGER_GATE,LOW
MKT016_MAPORG_SE4,MKT016,Denver,CO,GEOGRID21_V1,SE4,SE 4 mi,135.0,4,39.6984304,-104.9358178,CIVIC_CENTER_ANCHOR_V1_2026-09-09,WGS84_GEODESIC_DIRECT,7,PENDING_TIGER_GATE,LOW
MKT016_MAPORG_SW4,MKT016,Denver,CO,GEOGRID21_V1,SW4,SW 4 mi,225.0,4,39.6984304,-105.0419622,CIVIC_CENTER_ANCHOR_V1_2026-09-09,WGS84_GEODESIC_DIRECT,7,PENDING_TIGER_GATE,LOW
MKT016_MAPORG_NW4,MKT016,Denver,CO,GEOGRID21_V1,NW4,NW 4 mi,315.0,4,39.780425,-105.0420251,CIVIC_CENTER_ANCHOR_V1_2026-09-09,WGS84_GEODESIC_DIRECT,7,PENDING_TIGER_GATE,LOW
MKT017_MAPORG_NE2,MKT017,Colorado Springs,CO,GEOGRID21_V1,NE2,NE 2 mi,45.0,2,38.8561072,-104.794777,CIVIC_CENTER_ANCHOR_V1_2026-09-09,WGS84_GEODESIC_DIRECT,7,PENDING_TIGER_GATE,LOW
MKT017_MAPORG_SE2,MKT017,Colorado Springs,CO,GEOGRID21_V1,SE2,SE 2 mi,135.0,2,38.8151035,-104.794792,CIVIC_CENTER_ANCHOR_V1_2026-09-09,WGS84_GEODESIC_DIRECT,7,PENDING_TIGER_GATE,LOW
MKT017_MAPORG_SW2,MKT017,Colorado Springs,CO,GEOGRID21_V1,SW2,SW 2 mi,225.0,2,38.8151035,-104.8472024,CIVIC_CENTER_ANCHOR_V1_2026-09-09,WGS84_GEODESIC_DIRECT,7,PENDING_TIGER_GATE,LOW
MKT017_MAPORG_NW2,MKT017,Colorado Springs,CO,GEOGRID21_V1,NW2,NW 2 mi,315.0,2,38.8561072,-104.8472174,CIVIC_CENTER_ANCHOR_V1_2026-09-09,WGS84_GEODESIC_DIRECT,7,PENDING_TIGER_GATE,LOW
MKT017_MAPORG_NE4,MKT017,Colorado Springs,CO,GEOGRID21_V1,NE4,NE 4 mi,45.0,4,38.8766,-104.7685417,CIVIC_CENTER_ANCHOR_V1_2026-09-09,WGS84_GEODESIC_DIRECT,7,PENDING_TIGER_GATE,LOW
MKT017_MAPORG_SE4,MKT017,Colorado Springs,CO,GEOGRID21_V1,SE4,SE 4 mi,135.0,4,38.7945927,-104.7686019,CIVIC_CENTER_ANCHOR_V1_2026-09-09,WGS84_GEODESIC_DIRECT,7,PENDING_TIGER_GATE,LOW
MKT017_MAPORG_SW4,MKT017,Colorado Springs,CO,GEOGRID21_V1,SW4,SW 4 mi,225.0,4,38.7945927,-104.8733925,CIVIC_CENTER_ANCHOR_V1_2026-09-09,WGS84_GEODESIC_DIRECT,7,PENDING_TIGER_GATE,LOW
MKT017_MAPORG_NW4,MKT017,Colorado Springs,CO,GEOGRID21_V1,NW4,NW 4 mi,315.0,4,38.8766,-104.8734527,CIVIC_CENTER_ANCHOR_V1_2026-09-09,WGS84_GEODESIC_DIRECT,7,PENDING_TIGER_GATE,LOW
MKT018_MAPORG_NE2,MKT018,Boise,ID,GEOGRID21_V1,NE2,NE 2 mi,45.0,2,43.6356013,-116.1731757,CIVIC_CENTER_ANCHOR_V1_2026-09-09,WGS84_GEODESIC_DIRECT,7,PENDING_TIGER_GATE,LOW
MKT018_MAPORG_SE2,MKT018,Boise,ID,GEOGRID21_V1,SE2,SE 2 mi,135.0,2,43.5946317,-116.1731949,CIVIC_CENTER_ANCHOR_V1_2026-09-09,WGS84_GEODESIC_DIRECT,7,PENDING_TIGER_GATE,LOW
MKT018_MAPORG_SW2,MKT018,Boise,ID,GEOGRID21_V1,SW2,SW 2 mi,225.0,2,43.5946317,-116.2295651,CIVIC_CENTER_ANCHOR_V1_2026-09-09,WGS84_GEODESIC_DIRECT,7,PENDING_TIGER_GATE,MED
MKT018_MAPORG_NW2,MKT018,Boise,ID,GEOGRID21_V1,NW2,NW 2 mi,315.0,2,43.6356013,-116.2295843,CIVIC_CENTER_ANCHOR_V1_2026-09-09,WGS84_GEODESIC_DIRECT,7,PENDING_TIGER_GATE,MED
MKT018_MAPORG_NE4,MKT018,Boise,ID,GEOGRID21_V1,NE4,NE 4 mi,45.0,4,43.6560755,-116.1449523,CIVIC_CENTER_ANCHOR_V1_2026-09-09,WGS84_GEODESIC_DIRECT,7,PENDING_TIGER_GATE,LOW
MKT018_MAPORG_SE4,MKT018,Boise,ID,GEOGRID21_V1,SE4,SE 4 mi,135.0,4,43.5741364,-116.1450289,CIVIC_CENTER_ANCHOR_V1_2026-09-09,WGS84_GEODESIC_DIRECT,7,PENDING_TIGER_GATE,LOW
MKT018_MAPORG_SW4,MKT018,Boise,ID,GEOGRID21_V1,SW4,SW 4 mi,225.0,4,43.5741364,-116.2577311,CIVIC_CENTER_ANCHOR_V1_2026-09-09,WGS84_GEODESIC_DIRECT,7,PENDING_TIGER_GATE,LOW
MKT018_MAPORG_NW4,MKT018,Boise,ID,GEOGRID21_V1,NW4,NW 4 mi,315.0,4,43.6560755,-116.2578077,CIVIC_CENTER_ANCHOR_V1_2026-09-09,WGS84_GEODESIC_DIRECT,7,PENDING_TIGER_GATE,LOW
MKT019_MAPORG_NE2,MKT019,Albuquerque,NM,GEOGRID21_V1,NE2,NE 2 mi,45.0,2,35.1081922,-106.6267055,CIVIC_CENTER_ANCHOR_V1_2026-09-09,WGS84_GEODESIC_DIRECT,7,PENDING_TIGER_GATE,LOW
MKT019_MAPORG_SE2,MKT019,Albuquerque,NM,GEOGRID21_V1,SE2,SE 2 mi,135.0,2,35.0671626,-106.626718,CIVIC_CENTER_ANCHOR_V1_2026-09-09,WGS84_GEODESIC_DIRECT,7,PENDING_TIGER_GATE,LOW
MKT019_MAPORG_SW2,MKT019,Albuquerque,NM,GEOGRID21_V1,SW2,SW 2 mi,225.0,2,35.0671626,-106.676622,CIVIC_CENTER_ANCHOR_V1_2026-09-09,WGS84_GEODESIC_DIRECT,7,PENDING_TIGER_GATE,LOW
MKT019_MAPORG_NW2,MKT019,Albuquerque,NM,GEOGRID21_V1,NW2,NW 2 mi,315.0,2,35.1081922,-106.6766345,CIVIC_CENTER_ANCHOR_V1_2026-09-09,WGS84_GEODESIC_DIRECT,7,PENDING_TIGER_GATE,LOW
MKT019_MAPORG_NE4,MKT019,Albuquerque,NM,GEOGRID21_V1,NE4,NE 4 mi,45.0,4,35.1286992,-106.6017286,CIVIC_CENTER_ANCHOR_V1_2026-09-09,WGS84_GEODESIC_DIRECT,7,PENDING_TIGER_GATE,LOW
MKT019_MAPORG_SE4,MKT019,Albuquerque,NM,GEOGRID21_V1,SE4,SE 4 mi,135.0,4,35.04664,-106.6017786,CIVIC_CENTER_ANCHOR_V1_2026-09-09,WGS84_GEODESIC_DIRECT,7,PENDING_TIGER_GATE,LOW
MKT019_MAPORG_SW4,MKT019,Albuquerque,NM,GEOGRID21_V1,SW4,SW 4 mi,225.0,4,35.04664,-106.7015614,CIVIC_CENTER_ANCHOR_V1_2026-09-09,WGS84_GEODESIC_DIRECT,7,PENDING_TIGER_GATE,LOW
MKT019_MAPORG_NW4,MKT019,Albuquerque,NM,GEOGRID21_V1,NW4,NW 4 mi,315.0,4,35.1286992,-106.7016114,CIVIC_CENTER_ANCHOR_V1_2026-09-09,WGS84_GEODESIC_DIRECT,7,PENDING_TIGER_GATE,LOW
MKT020_MAPORG_NE2,MKT020,Fort Collins,CO,GEOGRID21_V1,NE2,NE 2 mi,45.0,2,40.6103425,-105.0550166,CIVIC_CENTER_ANCHOR_V1_2026-09-09,WGS84_GEODESIC_DIRECT,7,PENDING_TIGER_GATE,HIGH
MKT020_MAPORG_SE2,MKT020,Fort Collins,CO,GEOGRID21_V1,SE2,SE 2 mi,135.0,2,40.5693512,-105.055033,CIVIC_CENTER_ANCHOR_V1_2026-09-09,WGS84_GEODESIC_DIRECT,7,PENDING_TIGER_GATE,MED
MKT020_MAPORG_SW2,MKT020,Fort Collins,CO,GEOGRID21_V1,SW2,SW 2 mi,225.0,2,40.5693512,-105.108787,CIVIC_CENTER_ANCHOR_V1_2026-09-09,WGS84_GEODESIC_DIRECT,7,PENDING_TIGER_GATE,LOW
MKT020_MAPORG_NW2,MKT020,Fort Collins,CO,GEOGRID21_V1,NW2,NW 2 mi,315.0,2,40.6103425,-105.1088034,CIVIC_CENTER_ANCHOR_V1_2026-09-09,WGS84_GEODESIC_DIRECT,7,PENDING_TIGER_GATE,MED
MKT020_MAPORG_NE4,MKT020,Fort Collins,CO,GEOGRID21_V1,NE4,NE 4 mi,45.0,4,40.6308286,-105.0281067,CIVIC_CENTER_ANCHOR_V1_2026-09-09,WGS84_GEODESIC_DIRECT,7,PENDING_TIGER_GATE,HIGH
MKT020_MAPORG_SE4,MKT020,Fort Collins,CO,GEOGRID21_V1,SE4,SE 4 mi,135.0,4,40.5488461,-105.0281724,CIVIC_CENTER_ANCHOR_V1_2026-09-09,WGS84_GEODESIC_DIRECT,7,PENDING_TIGER_GATE,MED
MKT020_MAPORG_SW4,MKT020,Fort Collins,CO,GEOGRID21_V1,SW4,SW 4 mi,225.0,4,40.5488461,-105.1356476,CIVIC_CENTER_ANCHOR_V1_2026-09-09,WGS84_GEODESIC_DIRECT,7,PENDING_TIGER_GATE,LOW
MKT020_MAPORG_NW4,MKT020,Fort Collins,CO,GEOGRID21_V1,NW4,NW 4 mi,315.0,4,40.6308286,-105.1357133,CIVIC_CENTER_ANCHOR_V1_2026-09-09,WGS84_GEODESIC_DIRECT,7,PENDING_TIGER_GATE,MED
MKT021_MAPORG_NE2,MKT021,Chicago,IL,GEOGRID21_V1,NE2,NE 2 mi,45.0,2,41.9043377,-87.6045205,CIVIC_CENTER_ANCHOR_V1_2026-09-09,WGS84_GEODESIC_DIRECT,7,PENDING_TIGER_GATE,MED
MKT021_MAPORG_SE2,MKT021,Chicago,IL,GEOGRID21_V1,SE2,SE 2 mi,135.0,2,41.8633557,-87.604538,CIVIC_CENTER_ANCHOR_V1_2026-09-09,WGS84_GEODESIC_DIRECT,7,PENDING_TIGER_GATE,MED
MKT021_MAPORG_SW2,MKT021,Chicago,IL,GEOGRID21_V1,SW2,SW 2 mi,225.0,2,41.8633557,-87.659362,CIVIC_CENTER_ANCHOR_V1_2026-09-09,WGS84_GEODESIC_DIRECT,7,PENDING_TIGER_GATE,LOW
MKT021_MAPORG_NW2,MKT021,Chicago,IL,GEOGRID21_V1,NW2,NW 2 mi,315.0,2,41.9043377,-87.6593795,CIVIC_CENTER_ANCHOR_V1_2026-09-09,WGS84_GEODESIC_DIRECT,7,PENDING_TIGER_GATE,LOW
MKT021_MAPORG_NE4,MKT021,Chicago,IL,GEOGRID21_V1,NE4,NE 4 mi,45.0,4,41.9248187,-87.5770734,CIVIC_CENTER_ANCHOR_V1_2026-09-09,WGS84_GEODESIC_DIRECT,7,PENDING_TIGER_GATE,HIGH
MKT021_MAPORG_SE4,MKT021,Chicago,IL,GEOGRID21_V1,SE4,SE 4 mi,135.0,4,41.8428548,-87.5771435,CIVIC_CENTER_ANCHOR_V1_2026-09-09,WGS84_GEODESIC_DIRECT,7,PENDING_TIGER_GATE,MED
MKT021_MAPORG_SW4,MKT021,Chicago,IL,GEOGRID21_V1,SW4,SW 4 mi,225.0,4,41.8428548,-87.6867565,CIVIC_CENTER_ANCHOR_V1_2026-09-09,WGS84_GEODESIC_DIRECT,7,PENDING_TIGER_GATE,LOW
MKT021_MAPORG_NW4,MKT021,Chicago,IL,GEOGRID21_V1,NW4,NW 4 mi,315.0,4,41.9248187,-87.6868266,CIVIC_CENTER_ANCHOR_V1_2026-09-09,WGS84_GEODESIC_DIRECT,7,PENDING_TIGER_GATE,MED
MKT022_MAPORG_NE2,MKT022,Minneapolis,MN,GEOGRID21_V1,NE2,NE 2 mi,45.0,2,44.9977762,-93.2365356,CIVIC_CENTER_ANCHOR_V1_2026-09-09,WGS84_GEODESIC_DIRECT,7,PENDING_TIGER_GATE,LOW
MKT022_MAPORG_SE2,MKT022,Minneapolis,MN,GEOGRID21_V1,SE2,SE 2 mi,135.0,2,44.9568164,-93.2365561,CIVIC_CENTER_ANCHOR_V1_2026-09-09,WGS84_GEODESIC_DIRECT,7,PENDING_TIGER_GATE,LOW
MKT022_MAPORG_SW2,MKT022,Minneapolis,MN,GEOGRID21_V1,SW2,SW 2 mi,225.0,2,44.9568164,-93.2942439,CIVIC_CENTER_ANCHOR_V1_2026-09-09,WGS84_GEODESIC_DIRECT,7,PENDING_TIGER_GATE,LOW
MKT022_MAPORG_NW2,MKT022,Minneapolis,MN,GEOGRID21_V1,NW2,NW 2 mi,315.0,2,44.9977762,-93.2942644,CIVIC_CENTER_ANCHOR_V1_2026-09-09,WGS84_GEODESIC_DIRECT,7,PENDING_TIGER_GATE,LOW
MKT022_MAPORG_NE4,MKT022,Minneapolis,MN,GEOGRID21_V1,NE4,NE 4 mi,45.0,4,45.018245,-93.2076506,CIVIC_CENTER_ANCHOR_V1_2026-09-09,WGS84_GEODESIC_DIRECT,7,PENDING_TIGER_GATE,LOW
MKT022_MAPORG_SE4,MKT022,Minneapolis,MN,GEOGRID21_V1,SE4,SE 4 mi,135.0,4,44.9363255,-93.2077328,CIVIC_CENTER_ANCHOR_V1_2026-09-09,WGS84_GEODESIC_DIRECT,7,PENDING_TIGER_GATE,LOW
MKT022_MAPORG_SW4,MKT022,Minneapolis,MN,GEOGRID21_V1,SW4,SW 4 mi,225.0,4,44.9363255,-93.3230672,CIVIC_CENTER_ANCHOR_V1_2026-09-09,WGS84_GEODESIC_DIRECT,7,PENDING_TIGER_GATE,LOW
MKT022_MAPORG_NW4,MKT022,Minneapolis,MN,GEOGRID21_V1,NW4,NW 4 mi,315.0,4,45.018245,-93.3231494,CIVIC_CENTER_ANCHOR_V1_2026-09-09,WGS84_GEODESIC_DIRECT,7,PENDING_TIGER_GATE,LOW
MKT023_MAPORG_NE2,MKT023,Milwaukee,WI,GEOGRID21_V1,NE2,NE 2 mi,45.0,2,43.0621934,-87.88185,CIVIC_CENTER_ANCHOR_V1_2026-09-09,WGS84_GEODESIC_DIRECT,7,PENDING_TIGER_GATE,MED
MKT023_MAPORG_SE2,MKT023,Milwaukee,WI,GEOGRID21_V1,SE2,SE 2 mi,135.0,2,43.0212197,-87.8818686,CIVIC_CENTER_ANCHOR_V1_2026-09-09,WGS84_GEODESIC_DIRECT,7,PENDING_TIGER_GATE,MED
MKT023_MAPORG_SW2,MKT023,Milwaukee,WI,GEOGRID21_V1,SW2,SW 2 mi,225.0,2,43.0212197,-87.9377114,CIVIC_CENTER_ANCHOR_V1_2026-09-09,WGS84_GEODESIC_DIRECT,7,PENDING_TIGER_GATE,LOW
MKT023_MAPORG_NW2,MKT023,Milwaukee,WI,GEOGRID21_V1,NW2,NW 2 mi,315.0,2,43.0621934,-87.93773,CIVIC_CENTER_ANCHOR_V1_2026-09-09,WGS84_GEODESIC_DIRECT,7,PENDING_TIGER_GATE,LOW
MKT023_MAPORG_NE4,MKT023,Milwaukee,WI,GEOGRID21_V1,NE4,NE 4 mi,45.0,4,43.0826699,-87.8538914,CIVIC_CENTER_ANCHOR_V1_2026-09-09,WGS84_GEODESIC_DIRECT,7,PENDING_TIGER_GATE,MED
MKT023_MAPORG_SE4,MKT023,Milwaukee,WI,GEOGRID21_V1,SE4,SE 4 mi,135.0,4,43.0007225,-87.8539657,CIVIC_CENTER_ANCHOR_V1_2026-09-09,WGS84_GEODESIC_DIRECT,7,PENDING_TIGER_GATE,MED
MKT023_MAPORG_SW4,MKT023,Milwaukee,WI,GEOGRID21_V1,SW4,SW 4 mi,225.0,4,43.0007225,-87.9656143,CIVIC_CENTER_ANCHOR_V1_2026-09-09,WGS84_GEODESIC_DIRECT,7,PENDING_TIGER_GATE,LOW
MKT023_MAPORG_NW4,MKT023,Milwaukee,WI,GEOGRID21_V1,NW4,NW 4 mi,315.0,4,43.0826699,-87.9656886,CIVIC_CENTER_ANCHOR_V1_2026-09-09,WGS84_GEODESIC_DIRECT,7,PENDING_TIGER_GATE,LOW
MKT024_MAPORG_NE2,MKT024,Detroit,MI,GEOGRID21_V1,NE2,NE 2 mi,45.0,2,42.349986,-83.0166376,CIVIC_CENTER_ANCHOR_V1_2026-09-09,WGS84_GEODESIC_DIRECT,7,PENDING_TIGER_GATE,MED
MKT024_MAPORG_SE2,MKT024,Detroit,MI,GEOGRID21_V1,SE2,SE 2 mi,135.0,2,42.3090072,-83.0166555,CIVIC_CENTER_ANCHOR_V1_2026-09-09,WGS84_GEODESIC_DIRECT,7,PENDING_TIGER_GATE,HIGH
MKT024_MAPORG_SW2,MKT024,Detroit,MI,GEOGRID21_V1,SW2,SW 2 mi,225.0,2,42.3090072,-83.0718645,CIVIC_CENTER_ANCHOR_V1_2026-09-09,WGS84_GEODESIC_DIRECT,7,PENDING_TIGER_GATE,MED
MKT024_MAPORG_NW2,MKT024,Detroit,MI,GEOGRID21_V1,NW2,NW 2 mi,315.0,2,42.349986,-83.0718824,CIVIC_CENTER_ANCHOR_V1_2026-09-09,WGS84_GEODESIC_DIRECT,7,PENDING_TIGER_GATE,LOW
MKT024_MAPORG_NE4,MKT024,Detroit,MI,GEOGRID21_V1,NE4,NE 4 mi,45.0,4,42.3704653,-82.9889972,CIVIC_CENTER_ANCHOR_V1_2026-09-09,WGS84_GEODESIC_DIRECT,7,PENDING_TIGER_GATE,MED
MKT024_MAPORG_SE4,MKT024,Detroit,MI,GEOGRID21_V1,SE4,SE 4 mi,135.0,4,42.2885078,-82.9890689,CIVIC_CENTER_ANCHOR_V1_2026-09-09,WGS84_GEODESIC_DIRECT,7,PENDING_TIGER_GATE,HIGH
MKT024_MAPORG_SW4,MKT024,Detroit,MI,GEOGRID21_V1,SW4,SW 4 mi,225.0,4,42.2885078,-83.0994511,CIVIC_CENTER_ANCHOR_V1_2026-09-09,WGS84_GEODESIC_DIRECT,7,PENDING_TIGER_GATE,MED
MKT024_MAPORG_NW4,MKT024,Detroit,MI,GEOGRID21_V1,NW4,NW 4 mi,315.0,4,42.3704653,-83.0995228,CIVIC_CENTER_ANCHOR_V1_2026-09-09,WGS84_GEODESIC_DIRECT,7,PENDING_TIGER_GATE,LOW
MKT025_MAPORG_NE2,MKT025,Columbus,OH,GEOGRID21_V1,NE2,NE 2 mi,45.0,2,39.9831447,-82.9767241,CIVIC_CENTER_ANCHOR_V1_2026-09-09,WGS84_GEODESIC_DIRECT,7,PENDING_TIGER_GATE,LOW
MKT025_MAPORG_SE2,MKT025,Columbus,OH,GEOGRID21_V1,SE2,SE 2 mi,135.0,2,39.9421491,-82.97674,CIVIC_CENTER_ANCHOR_V1_2026-09-09,WGS84_GEODESIC_DIRECT,7,PENDING_TIGER_GATE,MED
MKT025_MAPORG_SW2,MKT025,Columbus,OH,GEOGRID21_V1,SW2,SW 2 mi,225.0,2,39.9421491,-83.03,CIVIC_CENTER_ANCHOR_V1_2026-09-09,WGS84_GEODESIC_DIRECT,7,PENDING_TIGER_GATE,MED
MKT025_MAPORG_NW2,MKT025,Columbus,OH,GEOGRID21_V1,NW2,NW 2 mi,315.0,2,39.9831447,-83.0300159,CIVIC_CENTER_ANCHOR_V1_2026-09-09,WGS84_GEODESIC_DIRECT,7,PENDING_TIGER_GATE,LOW
MKT025_MAPORG_NE4,MKT025,Columbus,OH,GEOGRID21_V1,NE4,NE 4 mi,45.0,4,40.0036333,-82.9500623,CIVIC_CENTER_ANCHOR_V1_2026-09-09,WGS84_GEODESIC_DIRECT,7,PENDING_TIGER_GATE,LOW
MKT025_MAPORG_SE4,MKT025,Columbus,OH,GEOGRID21_V1,SE4,SE 4 mi,135.0,4,39.9216419,-82.9501259,CIVIC_CENTER_ANCHOR_V1_2026-09-09,WGS84_GEODESIC_DIRECT,7,PENDING_TIGER_GATE,MED
MKT025_MAPORG_SW4,MKT025,Columbus,OH,GEOGRID21_V1,SW4,SW 4 mi,225.0,4,39.9216419,-83.0566141,CIVIC_CENTER_ANCHOR_V1_2026-09-09,WGS84_GEODESIC_DIRECT,7,PENDING_TIGER_GATE,MED
MKT025_MAPORG_NW4,MKT025,Columbus,OH,GEOGRID21_V1,NW4,NW 4 mi,315.0,4,40.0036333,-83.0566777,CIVIC_CENTER_ANCHOR_V1_2026-09-09,WGS84_GEODESIC_DIRECT,7,PENDING_TIGER_GATE,LOW
MKT026_MAPORG_NE2,MKT026,Cincinnati,OH,GEOGRID21_V1,NE2,NE 2 mi,45.0,2,39.1247279,-84.4930705,CIVIC_CENTER_ANCHOR_V1_2026-09-09,WGS84_GEODESIC_DIRECT,7,PENDING_TIGER_GATE,LOW
MKT026_MAPORG_SE2,MKT026,Cincinnati,OH,GEOGRID21_V1,SE2,SE 2 mi,135.0,2,39.0837261,-84.4930857,CIVIC_CENTER_ANCHOR_V1_2026-09-09,WGS84_GEODESIC_DIRECT,7,PENDING_TIGER_GATE,MED
MKT026_MAPORG_SW2,MKT026,Cincinnati,OH,GEOGRID21_V1,SW2,SW 2 mi,225.0,2,39.0837261,-84.5456943,CIVIC_CENTER_ANCHOR_V1_2026-09-09,WGS84_GEODESIC_DIRECT,7,PENDING_TIGER_GATE,MED
MKT026_MAPORG_NW2,MKT026,Cincinnati,OH,GEOGRID21_V1,NW2,NW 2 mi,315.0,2,39.1247279,-84.5457095,CIVIC_CENTER_ANCHOR_V1_2026-09-09,WGS84_GEODESIC_DIRECT,7,PENDING_TIGER_GATE,LOW
MKT026_MAPORG_NE4,MKT026,Cincinnati,OH,GEOGRID21_V1,NE4,NE 4 mi,45.0,4,39.1452197,-84.4667357,CIVIC_CENTER_ANCHOR_V1_2026-09-09,WGS84_GEODESIC_DIRECT,7,PENDING_TIGER_GATE,LOW
MKT026_MAPORG_SE4,MKT026,Cincinnati,OH,GEOGRID21_V1,SE4,SE 4 mi,135.0,4,39.0632162,-84.4667967,CIVIC_CENTER_ANCHOR_V1_2026-09-09,WGS84_GEODESIC_DIRECT,7,PENDING_TIGER_GATE,LOW
MKT026_MAPORG_SW4,MKT026,Cincinnati,OH,GEOGRID21_V1,SW4,SW 4 mi,225.0,4,39.0632162,-84.5719833,CIVIC_CENTER_ANCHOR_V1_2026-09-09,WGS84_GEODESIC_DIRECT,7,PENDING_TIGER_GATE,LOW
MKT026_MAPORG_NW4,MKT026,Cincinnati,OH,GEOGRID21_V1,NW4,NW 4 mi,315.0,4,39.1452197,-84.5720443,CIVIC_CENTER_ANCHOR_V1_2026-09-09,WGS84_GEODESIC_DIRECT,7,PENDING_TIGER_GATE,LOW
MKT027_MAPORG_NE2,MKT027,Indianapolis,IN,GEOGRID21_V1,NE2,NE 2 mi,45.0,2,39.7884655,-86.1269694,CIVIC_CENTER_ANCHOR_V1_2026-09-09,WGS84_GEODESIC_DIRECT,7,PENDING_TIGER_GATE,LOW
MKT027_MAPORG_SE2,MKT027,Indianapolis,IN,GEOGRID21_V1,SE2,SE 2 mi,135.0,2,39.7474684,-86.1269851,CIVIC_CENTER_ANCHOR_V1_2026-09-09,WGS84_GEODESIC_DIRECT,7,PENDING_TIGER_GATE,LOW
MKT027_MAPORG_SW2,MKT027,Indianapolis,IN,GEOGRID21_V1,SW2,SW 2 mi,225.0,2,39.7474684,-86.1800949,CIVIC_CENTER_ANCHOR_V1_2026-09-09,WGS84_GEODESIC_DIRECT,7,PENDING_TIGER_GATE,LOW
MKT027_MAPORG_NW2,MKT027,Indianapolis,IN,GEOGRID21_V1,NW2,NW 2 mi,315.0,2,39.7884655,-86.1801106,CIVIC_CENTER_ANCHOR_V1_2026-09-09,WGS84_GEODESIC_DIRECT,7,PENDING_TIGER_GATE,LOW
MKT027_MAPORG_NE4,MKT027,Indianapolis,IN,GEOGRID21_V1,NE4,NE 4 mi,45.0,4,39.8089548,-86.1003829,CIVIC_CENTER_ANCHOR_V1_2026-09-09,WGS84_GEODESIC_DIRECT,7,PENDING_TIGER_GATE,LOW
MKT027_MAPORG_SE4,MKT027,Indianapolis,IN,GEOGRID21_V1,SE4,SE 4 mi,135.0,4,39.7269606,-86.100446,CIVIC_CENTER_ANCHOR_V1_2026-09-09,WGS84_GEODESIC_DIRECT,7,PENDING_TIGER_GATE,LOW
MKT027_MAPORG_SW4,MKT027,Indianapolis,IN,GEOGRID21_V1,SW4,SW 4 mi,225.0,4,39.7269606,-86.206634,CIVIC_CENTER_ANCHOR_V1_2026-09-09,WGS84_GEODESIC_DIRECT,7,PENDING_TIGER_GATE,LOW
MKT027_MAPORG_NW4,MKT027,Indianapolis,IN,GEOGRID21_V1,NW4,NW 4 mi,315.0,4,39.8089548,-86.2066971,CIVIC_CENTER_ANCHOR_V1_2026-09-09,WGS84_GEODESIC_DIRECT,7,PENDING_TIGER_GATE,LOW
MKT028_MAPORG_NE2,MKT028,St. Louis,MO,GEOGRID21_V1,NE2,NE 2 mi,45.0,2,38.6473116,-90.1732621,CIVIC_CENTER_ANCHOR_V1_2026-09-09,WGS84_GEODESIC_DIRECT,7,PENDING_TIGER_GATE,MED
MKT028_MAPORG_SE2,MKT028,St. Louis,MO,GEOGRID21_V1,SE2,SE 2 mi,135.0,2,38.6063065,-90.1732769,CIVIC_CENTER_ANCHOR_V1_2026-09-09,WGS84_GEODESIC_DIRECT,7,PENDING_TIGER_GATE,MED
MKT028_MAPORG_SW2,MKT028,St. Louis,MO,GEOGRID21_V1,SW2,SW 2 mi,225.0,2,38.6063065,-90.2255351,CIVIC_CENTER_ANCHOR_V1_2026-09-09,WGS84_GEODESIC_DIRECT,7,PENDING_TIGER_GATE,LOW
MKT028_MAPORG_NW2,MKT028,St. Louis,MO,GEOGRID21_V1,NW2,NW 2 mi,315.0,2,38.6473116,-90.2255499,CIVIC_CENTER_ANCHOR_V1_2026-09-09,WGS84_GEODESIC_DIRECT,7,PENDING_TIGER_GATE,LOW
MKT028_MAPORG_NE4,MKT028,St. Louis,MO,GEOGRID21_V1,NE4,NE 4 mi,45.0,4,38.6678053,-90.1471032,CIVIC_CENTER_ANCHOR_V1_2026-09-09,WGS84_GEODESIC_DIRECT,7,PENDING_TIGER_GATE,MED
MKT028_MAPORG_SE4,MKT028,St. Louis,MO,GEOGRID21_V1,SE4,SE 4 mi,135.0,4,38.5857951,-90.1471628,CIVIC_CENTER_ANCHOR_V1_2026-09-09,WGS84_GEODESIC_DIRECT,7,PENDING_TIGER_GATE,LOW
MKT028_MAPORG_SW4,MKT028,St. Louis,MO,GEOGRID21_V1,SW4,SW 4 mi,225.0,4,38.5857951,-90.2516492,CIVIC_CENTER_ANCHOR_V1_2026-09-09,WGS84_GEODESIC_DIRECT,7,PENDING_TIGER_GATE,LOW
MKT028_MAPORG_NW4,MKT028,St. Louis,MO,GEOGRID21_V1,NW4,NW 4 mi,315.0,4,38.6678053,-90.2517088,CIVIC_CENTER_ANCHOR_V1_2026-09-09,WGS84_GEODESIC_DIRECT,7,PENDING_TIGER_GATE,MED
MKT029_MAPORG_NE2,MKT029,Kansas City,MO,GEOGRID21_V1,NE2,NE 2 mi,45.0,2,39.1211179,-94.5516018,CIVIC_CENTER_ANCHOR_V1_2026-09-09,WGS84_GEODESIC_DIRECT,7,PENDING_TIGER_GATE,LOW
MKT029_MAPORG_SE2,MKT029,Kansas City,MO,GEOGRID21_V1,SE2,SE 2 mi,135.0,2,39.0801161,-94.5516171,CIVIC_CENTER_ANCHOR_V1_2026-09-09,WGS84_GEODESIC_DIRECT,7,PENDING_TIGER_GATE,LOW
MKT029_MAPORG_SW2,MKT029,Kansas City,MO,GEOGRID21_V1,SW2,SW 2 mi,225.0,2,39.0801161,-94.6042229,CIVIC_CENTER_ANCHOR_V1_2026-09-09,WGS84_GEODESIC_DIRECT,7,PENDING_TIGER_GATE,LOW
MKT029_MAPORG_NW2,MKT029,Kansas City,MO,GEOGRID21_V1,NW2,NW 2 mi,315.0,2,39.1211179,-94.6042382,CIVIC_CENTER_ANCHOR_V1_2026-09-09,WGS84_GEODESIC_DIRECT,7,PENDING_TIGER_GATE,LOW
MKT029_MAPORG_NE4,MKT029,Kansas City,MO,GEOGRID21_V1,NE4,NE 4 mi,45.0,4,39.1416098,-94.5252684,CIVIC_CENTER_ANCHOR_V1_2026-09-09,WGS84_GEODESIC_DIRECT,7,PENDING_TIGER_GATE,LOW
MKT029_MAPORG_SE4,MKT029,Kansas City,MO,GEOGRID21_V1,SE4,SE 4 mi,135.0,4,39.0596062,-94.5253294,CIVIC_CENTER_ANCHOR_V1_2026-09-09,WGS84_GEODESIC_DIRECT,7,PENDING_TIGER_GATE,LOW
MKT029_MAPORG_SW4,MKT029,Kansas City,MO,GEOGRID21_V1,SW4,SW 4 mi,225.0,4,39.0596062,-94.6305106,CIVIC_CENTER_ANCHOR_V1_2026-09-09,WGS84_GEODESIC_DIRECT,7,PENDING_TIGER_GATE,LOW
MKT029_MAPORG_NW4,MKT029,Kansas City,MO,GEOGRID21_V1,NW4,NW 4 mi,315.0,4,39.1416098,-94.6305716,CIVIC_CENTER_ANCHOR_V1_2026-09-09,WGS84_GEODESIC_DIRECT,7,PENDING_TIGER_GATE,LOW
MKT030_MAPORG_NE2,MKT030,Grand Rapids,MI,GEOGRID21_V1,NE2,NE 2 mi,45.0,2,42.9897537,-85.6436028,CIVIC_CENTER_ANCHOR_V1_2026-09-09,WGS84_GEODESIC_DIRECT,7,PENDING_TIGER_GATE,LOW
MKT030_MAPORG_SE2,MKT030,Grand Rapids,MI,GEOGRID21_V1,SE2,SE 2 mi,135.0,2,42.9487795,-85.6436213,CIVIC_CENTER_ANCHOR_V1_2026-09-09,WGS84_GEODESIC_DIRECT,7,PENDING_TIGER_GATE,LOW
MKT030_MAPORG_SW2,MKT030,Grand Rapids,MI,GEOGRID21_V1,SW2,SW 2 mi,225.0,2,42.9487795,-85.6993987,CIVIC_CENTER_ANCHOR_V1_2026-09-09,WGS84_GEODESIC_DIRECT,7,PENDING_TIGER_GATE,LOW
MKT030_MAPORG_NW2,MKT030,Grand Rapids,MI,GEOGRID21_V1,NW2,NW 2 mi,315.0,2,42.9897537,-85.6994172,CIVIC_CENTER_ANCHOR_V1_2026-09-09,WGS84_GEODESIC_DIRECT,7,PENDING_TIGER_GATE,LOW
MKT030_MAPORG_NE4,MKT030,Grand Rapids,MI,GEOGRID21_V1,NE4,NE 4 mi,45.0,4,43.0102304,-85.6156771,CIVIC_CENTER_ANCHOR_V1_2026-09-09,WGS84_GEODESIC_DIRECT,7,PENDING_TIGER_GATE,LOW
MKT030_MAPORG_SE4,MKT030,Grand Rapids,MI,GEOGRID21_V1,SE4,SE 4 mi,135.0,4,42.9282821,-85.6157512,CIVIC_CENTER_ANCHOR_V1_2026-09-09,WGS84_GEODESIC_DIRECT,7,PENDING_TIGER_GATE,LOW
MKT030_MAPORG_SW4,MKT030,Grand Rapids,MI,GEOGRID21_V1,SW4,SW 4 mi,225.0,4,42.9282821,-85.7272688,CIVIC_CENTER_ANCHOR_V1_2026-09-09,WGS84_GEODESIC_DIRECT,7,PENDING_TIGER_GATE,LOW
MKT030_MAPORG_NW4,MKT030,Grand Rapids,MI,GEOGRID21_V1,NW4,NW 4 mi,315.0,4,43.0102304,-85.7273429,CIVIC_CENTER_ANCHOR_V1_2026-09-09,WGS84_GEODESIC_DIRECT,7,PENDING_TIGER_GATE,LOW
MKT031_MAPORG_NE2,MKT031,Dallas,TX,GEOGRID21_V1,NE2,NE 2 mi,45.0,2,32.7967901,-96.7726416,CIVIC_CENTER_ANCHOR_V1_2026-09-09,WGS84_GEODESIC_DIRECT,7,PENDING_TIGER_GATE,LOW
MKT031_MAPORG_SE2,MKT031,Dallas,TX,GEOGRID21_V1,SE2,SE 2 mi,135.0,2,32.7557451,-96.7726527,CIVIC_CENTER_ANCHOR_V1_2026-09-09,WGS84_GEODESIC_DIRECT,7,PENDING_TIGER_GATE,LOW
MKT031_MAPORG_SW2,MKT031,Dallas,TX,GEOGRID21_V1,SW2,SW 2 mi,225.0,2,32.7557451,-96.8212273,CIVIC_CENTER_ANCHOR_V1_2026-09-09,WGS84_GEODESIC_DIRECT,7,PENDING_TIGER_GATE,LOW
MKT031_MAPORG_NW2,MKT031,Dallas,TX,GEOGRID21_V1,NW2,NW 2 mi,315.0,2,32.7967901,-96.8212384,CIVIC_CENTER_ANCHOR_V1_2026-09-09,WGS84_GEODESIC_DIRECT,7,PENDING_TIGER_GATE,LOW
MKT031_MAPORG_NE4,MKT031,Dallas,TX,GEOGRID21_V1,NE4,NE 4 mi,45.0,4,32.8173055,-96.748332,CIVIC_CENTER_ANCHOR_V1_2026-09-09,WGS84_GEODESIC_DIRECT,7,PENDING_TIGER_GATE,LOW
MKT031_MAPORG_SE4,MKT031,Dallas,TX,GEOGRID21_V1,SE4,SE 4 mi,135.0,4,32.7352154,-96.7483766,CIVIC_CENTER_ANCHOR_V1_2026-09-09,WGS84_GEODESIC_DIRECT,7,PENDING_TIGER_GATE,LOW
MKT031_MAPORG_SW4,MKT031,Dallas,TX,GEOGRID21_V1,SW4,SW 4 mi,225.0,4,32.7352154,-96.8455034,CIVIC_CENTER_ANCHOR_V1_2026-09-09,WGS84_GEODESIC_DIRECT,7,PENDING_TIGER_GATE,LOW
MKT031_MAPORG_NW4,MKT031,Dallas,TX,GEOGRID21_V1,NW4,NW 4 mi,315.0,4,32.8173055,-96.845548,CIVIC_CENTER_ANCHOR_V1_2026-09-09,WGS84_GEODESIC_DIRECT,7,PENDING_TIGER_GATE,LOW
MKT032_MAPORG_NE2,MKT032,Houston,TX,GEOGRID21_V1,NE2,NE 2 mi,45.0,2,29.78071,-95.3458332,CIVIC_CENTER_ANCHOR_V1_2026-09-09,WGS84_GEODESIC_DIRECT,7,PENDING_TIGER_GATE,LOW
MKT032_MAPORG_SE2,MKT032,Houston,TX,GEOGRID21_V1,SE2,SE 2 mi,135.0,2,29.7396457,-95.3458428,CIVIC_CENTER_ANCHOR_V1_2026-09-09,WGS84_GEODESIC_DIRECT,7,PENDING_TIGER_GATE,LOW
MKT032_MAPORG_SW2,MKT032,Houston,TX,GEOGRID21_V1,SW2,SW 2 mi,225.0,2,29.7396457,-95.3928972,CIVIC_CENTER_ANCHOR_V1_2026-09-09,WGS84_GEODESIC_DIRECT,7,PENDING_TIGER_GATE,LOW
MKT032_MAPORG_NW2,MKT032,Houston,TX,GEOGRID21_V1,NW2,NW 2 mi,315.0,2,29.78071,-95.3929068,CIVIC_CENTER_ANCHOR_V1_2026-09-09,WGS84_GEODESIC_DIRECT,7,PENDING_TIGER_GATE,LOW
MKT032_MAPORG_NE4,MKT032,Houston,TX,GEOGRID21_V1,NE4,NE 4 mi,45.0,4,29.8012358,-95.3222868,CIVIC_CENTER_ANCHOR_V1_2026-09-09,WGS84_GEODESIC_DIRECT,7,PENDING_TIGER_GATE,LOW
MKT032_MAPORG_SE4,MKT032,Houston,TX,GEOGRID21_V1,SE4,SE 4 mi,135.0,4,29.7191072,-95.3223251,CIVIC_CENTER_ANCHOR_V1_2026-09-09,WGS84_GEODESIC_DIRECT,7,PENDING_TIGER_GATE,LOW
MKT032_MAPORG_SW4,MKT032,Houston,TX,GEOGRID21_V1,SW4,SW 4 mi,225.0,4,29.7191072,-95.4164149,CIVIC_CENTER_ANCHOR_V1_2026-09-09,WGS84_GEODESIC_DIRECT,7,PENDING_TIGER_GATE,LOW
MKT032_MAPORG_NW4,MKT032,Houston,TX,GEOGRID21_V1,NW4,NW 4 mi,315.0,4,29.8012358,-95.4164532,CIVIC_CENTER_ANCHOR_V1_2026-09-09,WGS84_GEODESIC_DIRECT,7,PENDING_TIGER_GATE,LOW
MKT033_MAPORG_NE2,MKT033,Austin,TX,GEOGRID21_V1,NE2,NE 2 mi,45.0,2,30.2853184,-97.7235436,CIVIC_CENTER_ANCHOR_V1_2026-09-09,WGS84_GEODESIC_DIRECT,7,PENDING_TIGER_GATE,LOW
MKT033_MAPORG_SE2,MKT033,Austin,TX,GEOGRID21_V1,SE2,SE 2 mi,135.0,2,30.2442573,-97.7235535,CIVIC_CENTER_ANCHOR_V1_2026-09-09,WGS84_GEODESIC_DIRECT,7,PENDING_TIGER_GATE,LOW
MKT033_MAPORG_SW2,MKT033,Austin,TX,GEOGRID21_V1,SW2,SW 2 mi,225.0,2,30.2442573,-97.7708465,CIVIC_CENTER_ANCHOR_V1_2026-09-09,WGS84_GEODESIC_DIRECT,7,PENDING_TIGER_GATE,LOW
MKT033_MAPORG_NW2,MKT033,Austin,TX,GEOGRID21_V1,NW2,NW 2 mi,315.0,2,30.2853184,-97.7708564,CIVIC_CENTER_ANCHOR_V1_2026-09-09,WGS84_GEODESIC_DIRECT,7,PENDING_TIGER_GATE,LOW
MKT033_MAPORG_NE4,MKT033,Austin,TX,GEOGRID21_V1,NE4,NE 4 mi,45.0,4,30.3058425,-97.6998774,CIVIC_CENTER_ANCHOR_V1_2026-09-09,WGS84_GEODESIC_DIRECT,7,PENDING_TIGER_GATE,LOW
MKT033_MAPORG_SE4,MKT033,Austin,TX,GEOGRID21_V1,SE4,SE 4 mi,135.0,4,30.2237202,-97.6999168,CIVIC_CENTER_ANCHOR_V1_2026-09-09,WGS84_GEODESIC_DIRECT,7,PENDING_TIGER_GATE,LOW
MKT033_MAPORG_SW4,MKT033,Austin,TX,GEOGRID21_V1,SW4,SW 4 mi,225.0,4,30.2237202,-97.7944832,CIVIC_CENTER_ANCHOR_V1_2026-09-09,WGS84_GEODESIC_DIRECT,7,PENDING_TIGER_GATE,LOW
MKT033_MAPORG_NW4,MKT033,Austin,TX,GEOGRID21_V1,NW4,NW 4 mi,315.0,4,30.3058425,-97.7945226,CIVIC_CENTER_ANCHOR_V1_2026-09-09,WGS84_GEODESIC_DIRECT,7,PENDING_TIGER_GATE,LOW
MKT034_MAPORG_NE2,MKT034,San Antonio,TX,GEOGRID21_V1,NE2,NE 2 mi,45.0,2,29.4451179,-98.4716856,CIVIC_CENTER_ANCHOR_V1_2026-09-09,WGS84_GEODESIC_DIRECT,7,PENDING_TIGER_GATE,LOW
MKT034_MAPORG_SE2,MKT034,San Antonio,TX,GEOGRID21_V1,SE2,SE 2 mi,135.0,2,29.4040515,-98.471695,CIVIC_CENTER_ANCHOR_V1_2026-09-09,WGS84_GEODESIC_DIRECT,7,PENDING_TIGER_GATE,LOW
MKT034_MAPORG_SW2,MKT034,San Antonio,TX,GEOGRID21_V1,SW2,SW 2 mi,225.0,2,29.4040515,-98.5185942,CIVIC_CENTER_ANCHOR_V1_2026-09-09,WGS84_GEODESIC_DIRECT,7,PENDING_TIGER_GATE,MED
MKT034_MAPORG_NW2,MKT034,San Antonio,TX,GEOGRID21_V1,NW2,NW 2 mi,315.0,2,29.4451179,-98.5186036,CIVIC_CENTER_ANCHOR_V1_2026-09-09,WGS84_GEODESIC_DIRECT,7,PENDING_TIGER_GATE,MED
MKT034_MAPORG_NE4,MKT034,San Antonio,TX,GEOGRID21_V1,NE4,NE 4 mi,45.0,4,29.4656448,-98.4482172,CIVIC_CENTER_ANCHOR_V1_2026-09-09,WGS84_GEODESIC_DIRECT,7,PENDING_TIGER_GATE,LOW
MKT034_MAPORG_SE4,MKT034,San Antonio,TX,GEOGRID21_V1,SE4,SE 4 mi,135.0,4,29.383512,-98.4482549,CIVIC_CENTER_ANCHOR_V1_2026-09-09,WGS84_GEODESIC_DIRECT,7,PENDING_TIGER_GATE,LOW
MKT034_MAPORG_SW4,MKT034,San Antonio,TX,GEOGRID21_V1,SW4,SW 4 mi,225.0,4,29.383512,-98.5420343,CIVIC_CENTER_ANCHOR_V1_2026-09-09,WGS84_GEODESIC_DIRECT,7,PENDING_TIGER_GATE,LOW
MKT034_MAPORG_NW4,MKT034,San Antonio,TX,GEOGRID21_V1,NW4,NW 4 mi,315.0,4,29.4656448,-98.542072,CIVIC_CENTER_ANCHOR_V1_2026-09-09,WGS84_GEODESIC_DIRECT,7,PENDING_TIGER_GATE,LOW
MKT035_MAPORG_NE2,MKT035,Nashville,TN,GEOGRID21_V1,NE2,NE 2 mi,45.0,2,36.1877284,-86.7533074,CIVIC_CENTER_ANCHOR_V1_2026-09-09,WGS84_GEODESIC_DIRECT,7,PENDING_TIGER_GATE,LOW
MKT035_MAPORG_SE2,MKT035,Nashville,TN,GEOGRID21_V1,SE2,SE 2 mi,135.0,2,36.1467062,-86.7533206,CIVIC_CENTER_ANCHOR_V1_2026-09-09,WGS84_GEODESIC_DIRECT,7,PENDING_TIGER_GATE,LOW
MKT035_MAPORG_SW2,MKT035,Nashville,TN,GEOGRID21_V1,SW2,SW 2 mi,225.0,2,36.1467062,-86.8038994,CIVIC_CENTER_ANCHOR_V1_2026-09-09,WGS84_GEODESIC_DIRECT,7,PENDING_TIGER_GATE,LOW
MKT035_MAPORG_NW2,MKT035,Nashville,TN,GEOGRID21_V1,NW2,NW 2 mi,315.0,2,36.1877284,-86.8039126,CIVIC_CENTER_ANCHOR_V1_2026-09-09,WGS84_GEODESIC_DIRECT,7,PENDING_TIGER_GATE,LOW
MKT035_MAPORG_NE4,MKT035,Nashville,TN,GEOGRID21_V1,NE4,NE 4 mi,45.0,4,36.2082314,-86.7279916,CIVIC_CENTER_ANCHOR_V1_2026-09-09,WGS84_GEODESIC_DIRECT,7,PENDING_TIGER_GATE,LOW
MKT035_MAPORG_SE4,MKT035,Nashville,TN,GEOGRID21_V1,SE4,SE 4 mi,135.0,4,36.126187,-86.7280443,CIVIC_CENTER_ANCHOR_V1_2026-09-09,WGS84_GEODESIC_DIRECT,7,PENDING_TIGER_GATE,LOW
MKT035_MAPORG_SW4,MKT035,Nashville,TN,GEOGRID21_V1,SW4,SW 4 mi,225.0,4,36.126187,-86.8291757,CIVIC_CENTER_ANCHOR_V1_2026-09-09,WGS84_GEODESIC_DIRECT,7,PENDING_TIGER_GATE,LOW
MKT035_MAPORG_NW4,MKT035,Nashville,TN,GEOGRID21_V1,NW4,NW 4 mi,315.0,4,36.2082314,-86.8292284,CIVIC_CENTER_ANCHOR_V1_2026-09-09,WGS84_GEODESIC_DIRECT,7,PENDING_TIGER_GATE,LOW
MKT036_MAPORG_NE2,MKT036,Memphis,TN,GEOGRID21_V1,NE2,NE 2 mi,45.0,2,35.168932,-90.025937,CIVIC_CENTER_ANCHOR_V1_2026-09-09,WGS84_GEODESIC_DIRECT,7,PENDING_TIGER_GATE,LOW
MKT036_MAPORG_SE2,MKT036,Memphis,TN,GEOGRID21_V1,SE2,SE 2 mi,135.0,2,35.1279028,-90.0259495,CIVIC_CENTER_ANCHOR_V1_2026-09-09,WGS84_GEODESIC_DIRECT,7,PENDING_TIGER_GATE,LOW
MKT036_MAPORG_SW2,MKT036,Memphis,TN,GEOGRID21_V1,SW2,SW 2 mi,225.0,2,35.1279028,-90.0758905,CIVIC_CENTER_ANCHOR_V1_2026-09-09,WGS84_GEODESIC_DIRECT,7,PENDING_TIGER_GATE,MED
MKT036_MAPORG_NW2,MKT036,Memphis,TN,GEOGRID21_V1,NW2,NW 2 mi,315.0,2,35.168932,-90.075903,CIVIC_CENTER_ANCHOR_V1_2026-09-09,WGS84_GEODESIC_DIRECT,7,PENDING_TIGER_GATE,MED
MKT036_MAPORG_NE4,MKT036,Memphis,TN,GEOGRID21_V1,NE4,NE 4 mi,45.0,4,35.1894387,-90.0009414,CIVIC_CENTER_ANCHOR_V1_2026-09-09,WGS84_GEODESIC_DIRECT,7,PENDING_TIGER_GATE,LOW
MKT036_MAPORG_SE4,MKT036,Memphis,TN,GEOGRID21_V1,SE4,SE 4 mi,135.0,4,35.1073804,-90.0009916,CIVIC_CENTER_ANCHOR_V1_2026-09-09,WGS84_GEODESIC_DIRECT,7,PENDING_TIGER_GATE,LOW
MKT036_MAPORG_SW4,MKT036,Memphis,TN,GEOGRID21_V1,SW4,SW 4 mi,225.0,4,35.1073804,-90.1008484,CIVIC_CENTER_ANCHOR_V1_2026-09-09,WGS84_GEODESIC_DIRECT,7,PENDING_TIGER_GATE,LOW
MKT036_MAPORG_NW4,MKT036,Memphis,TN,GEOGRID21_V1,NW4,NW 4 mi,315.0,4,35.1894387,-90.1008986,CIVIC_CENTER_ANCHOR_V1_2026-09-09,WGS84_GEODESIC_DIRECT,7,PENDING_TIGER_GATE,LOW
MKT037_MAPORG_NE2,MKT037,Atlanta,GA,GEOGRID21_V1,NE2,NE 2 mi,45.0,2,33.7691368,-84.3660207,CIVIC_CENTER_ANCHOR_V1_2026-09-09,WGS84_GEODESIC_DIRECT,7,PENDING_TIGER_GATE,LOW
MKT037_MAPORG_SE2,MKT037,Atlanta,GA,GEOGRID21_V1,SE2,SE 2 mi,135.0,2,33.7280982,-84.3660324,CIVIC_CENTER_ANCHOR_V1_2026-09-09,WGS84_GEODESIC_DIRECT,7,PENDING_TIGER_GATE,LOW
MKT037_MAPORG_SW2,MKT037,Atlanta,GA,GEOGRID21_V1,SW2,SW 2 mi,225.0,2,33.7280982,-84.4151476,CIVIC_CENTER_ANCHOR_V1_2026-09-09,WGS84_GEODESIC_DIRECT,7,PENDING_TIGER_GATE,LOW
MKT037_MAPORG_NW2,MKT037,Atlanta,GA,GEOGRID21_V1,NW2,NW 2 mi,315.0,2,33.7691368,-84.4151593,CIVIC_CENTER_ANCHOR_V1_2026-09-09,WGS84_GEODESIC_DIRECT,7,PENDING_TIGER_GATE,LOW
MKT037_MAPORG_NE4,MKT037,Atlanta,GA,GEOGRID21_V1,NE4,NE 4 mi,45.0,4,33.7896487,-84.3414396,CIVIC_CENTER_ANCHOR_V1_2026-09-09,WGS84_GEODESIC_DIRECT,7,PENDING_TIGER_GATE,LOW
MKT037_MAPORG_SE4,MKT037,Atlanta,GA,GEOGRID21_V1,SE4,SE 4 mi,135.0,4,33.7075715,-84.3414864,CIVIC_CENTER_ANCHOR_V1_2026-09-09,WGS84_GEODESIC_DIRECT,7,PENDING_TIGER_GATE,LOW
MKT037_MAPORG_SW4,MKT037,Atlanta,GA,GEOGRID21_V1,SW4,SW 4 mi,225.0,4,33.7075715,-84.4396936,CIVIC_CENTER_ANCHOR_V1_2026-09-09,WGS84_GEODESIC_DIRECT,7,PENDING_TIGER_GATE,LOW
MKT037_MAPORG_NW4,MKT037,Atlanta,GA,GEOGRID21_V1,NW4,NW 4 mi,315.0,4,33.7896487,-84.4397404,CIVIC_CENTER_ANCHOR_V1_2026-09-09,WGS84_GEODESIC_DIRECT,7,PENDING_TIGER_GATE,LOW
MKT038_MAPORG_NE2,MKT038,Charlotte,NC,GEOGRID21_V1,NE2,NE 2 mi,45.0,2,35.2420643,-80.8143027,CIVIC_CENTER_ANCHOR_V1_2026-09-09,WGS84_GEODESIC_DIRECT,7,PENDING_TIGER_GATE,LOW
MKT038_MAPORG_SE2,MKT038,Charlotte,NC,GEOGRID21_V1,SE2,SE 2 mi,135.0,2,35.2010356,-80.8143153,CIVIC_CENTER_ANCHOR_V1_2026-09-09,WGS84_GEODESIC_DIRECT,7,PENDING_TIGER_GATE,LOW
MKT038_MAPORG_SW2,MKT038,Charlotte,NC,GEOGRID21_V1,SW2,SW 2 mi,225.0,2,35.2010356,-80.8643009,CIVIC_CENTER_ANCHOR_V1_2026-09-09,WGS84_GEODESIC_DIRECT,7,PENDING_TIGER_GATE,LOW
MKT038_MAPORG_NW2,MKT038,Charlotte,NC,GEOGRID21_V1,NW2,NW 2 mi,315.0,2,35.2420643,-80.8643135,CIVIC_CENTER_ANCHOR_V1_2026-09-09,WGS84_GEODESIC_DIRECT,7,PENDING_TIGER_GATE,LOW
MKT038_MAPORG_NE4,MKT038,Charlotte,NC,GEOGRID21_V1,NE4,NE 4 mi,45.0,4,35.2625708,-80.7892847,CIVIC_CENTER_ANCHOR_V1_2026-09-09,WGS84_GEODESIC_DIRECT,7,PENDING_TIGER_GATE,LOW
MKT038_MAPORG_SE4,MKT038,Charlotte,NC,GEOGRID21_V1,SE4,SE 4 mi,135.0,4,35.1805135,-80.789335,CIVIC_CENTER_ANCHOR_V1_2026-09-09,WGS84_GEODESIC_DIRECT,7,PENDING_TIGER_GATE,LOW
MKT038_MAPORG_SW4,MKT038,Charlotte,NC,GEOGRID21_V1,SW4,SW 4 mi,225.0,4,35.1805135,-80.8892812,CIVIC_CENTER_ANCHOR_V1_2026-09-09,WGS84_GEODESIC_DIRECT,7,PENDING_TIGER_GATE,LOW
MKT038_MAPORG_NW4,MKT038,Charlotte,NC,GEOGRID21_V1,NW4,NW 4 mi,315.0,4,35.2625708,-80.8893315,CIVIC_CENTER_ANCHOR_V1_2026-09-09,WGS84_GEODESIC_DIRECT,7,PENDING_TIGER_GATE,LOW
MKT039_MAPORG_NE2,MKT039,Raleigh,NC,GEOGRID21_V1,NE2,NE 2 mi,45.0,2,35.7993088,-78.6177511,CIVIC_CENTER_ANCHOR_V1_2026-09-09,WGS84_GEODESIC_DIRECT,7,PENDING_TIGER_GATE,LOW
MKT039_MAPORG_SE2,MKT039,Raleigh,NC,GEOGRID21_V1,SE2,SE 2 mi,135.0,2,35.7582839,-78.6177641,CIVIC_CENTER_ANCHOR_V1_2026-09-09,WGS84_GEODESIC_DIRECT,7,PENDING_TIGER_GATE,LOW
MKT039_MAPORG_SW2,MKT039,Raleigh,NC,GEOGRID21_V1,SW2,SW 2 mi,225.0,2,35.7582839,-78.6680959,CIVIC_CENTER_ANCHOR_V1_2026-09-09,WGS84_GEODESIC_DIRECT,7,PENDING_TIGER_GATE,LOW
MKT039_MAPORG_NW2,MKT039,Raleigh,NC,GEOGRID21_V1,NW2,NW 2 mi,315.0,2,35.7993088,-78.6681089,CIVIC_CENTER_ANCHOR_V1_2026-09-09,WGS84_GEODESIC_DIRECT,7,PENDING_TIGER_GATE,LOW
MKT039_MAPORG_NE4,MKT039,Raleigh,NC,GEOGRID21_V1,NE4,NE 4 mi,45.0,4,35.8198132,-78.5925594,CIVIC_CENTER_ANCHOR_V1_2026-09-09,WGS84_GEODESIC_DIRECT,7,PENDING_TIGER_GATE,LOW
MKT039_MAPORG_SE4,MKT039,Raleigh,NC,GEOGRID21_V1,SE4,SE 4 mi,135.0,4,35.7377634,-78.5926111,CIVIC_CENTER_ANCHOR_V1_2026-09-09,WGS84_GEODESIC_DIRECT,7,PENDING_TIGER_GATE,LOW
MKT039_MAPORG_SW4,MKT039,Raleigh,NC,GEOGRID21_V1,SW4,SW 4 mi,225.0,4,35.7377634,-78.6932489,CIVIC_CENTER_ANCHOR_V1_2026-09-09,WGS84_GEODESIC_DIRECT,7,PENDING_TIGER_GATE,LOW
MKT039_MAPORG_NW4,MKT039,Raleigh,NC,GEOGRID21_V1,NW4,NW 4 mi,315.0,4,35.8198132,-78.6933006,CIVIC_CENTER_ANCHOR_V1_2026-09-09,WGS84_GEODESIC_DIRECT,7,PENDING_TIGER_GATE,LOW
MKT040_MAPORG_NE2,MKT040,Birmingham,AL,GEOGRID21_V1,NE2,NE 2 mi,45.0,2,33.5400676,-86.7863157,CIVIC_CENTER_ANCHOR_V1_2026-09-09,WGS84_GEODESIC_DIRECT,7,PENDING_TIGER_GATE,LOW
MKT040_MAPORG_SE2,MKT040,Birmingham,AL,GEOGRID21_V1,SE2,SE 2 mi,135.0,2,33.4990275,-86.7863272,CIVIC_CENTER_ANCHOR_V1_2026-09-09,WGS84_GEODESIC_DIRECT,7,PENDING_TIGER_GATE,LOW
MKT040_MAPORG_SW2,MKT040,Birmingham,AL,GEOGRID21_V1,SW2,SW 2 mi,225.0,2,33.4990275,-86.8353128,CIVIC_CENTER_ANCHOR_V1_2026-09-09,WGS84_GEODESIC_DIRECT,7,PENDING_TIGER_GATE,LOW
MKT040_MAPORG_NW2,MKT040,Birmingham,AL,GEOGRID21_V1,NW2,NW 2 mi,315.0,2,33.5400676,-86.8353243,CIVIC_CENTER_ANCHOR_V1_2026-09-09,WGS84_GEODESIC_DIRECT,7,PENDING_TIGER_GATE,LOW
MKT040_MAPORG_NE4,MKT040,Birmingham,AL,GEOGRID21_V1,NE4,NE 4 mi,45.0,4,33.5605803,-86.7617997,CIVIC_CENTER_ANCHOR_V1_2026-09-09,WGS84_GEODESIC_DIRECT,7,PENDING_TIGER_GATE,LOW
MKT040_MAPORG_SE4,MKT040,Birmingham,AL,GEOGRID21_V1,SE4,SE 4 mi,135.0,4,33.4785001,-86.761846,CIVIC_CENTER_ANCHOR_V1_2026-09-09,WGS84_GEODESIC_DIRECT,7,PENDING_TIGER_GATE,LOW
MKT040_MAPORG_SW4,MKT040,Birmingham,AL,GEOGRID21_V1,SW4,SW 4 mi,225.0,4,33.4785001,-86.859794,CIVIC_CENTER_ANCHOR_V1_2026-09-09,WGS84_GEODESIC_DIRECT,7,PENDING_TIGER_GATE,LOW
MKT040_MAPORG_NW4,MKT040,Birmingham,AL,GEOGRID21_V1,NW4,NW 4 mi,315.0,4,33.5605803,-86.8598403,CIVIC_CENTER_ANCHOR_V1_2026-09-09,WGS84_GEODESIC_DIRECT,7,PENDING_TIGER_GATE,LOW
MKT041_MAPORG_NE2,MKT041,Miami,FL,GEOGRID21_V1,NE2,NE 2 mi,45.0,2,25.7482268,-80.2110805,CIVIC_CENTER_ANCHOR_V1_2026-09-09,WGS84_GEODESIC_DIRECT,7,PENDING_TIGER_GATE,MED
MKT041_MAPORG_SE2,MKT041,Miami,FL,GEOGRID21_V1,SE2,SE 2 mi,135.0,2,25.7071386,-80.2110883,CIVIC_CENTER_ANCHOR_V1_2026-09-09,WGS84_GEODESIC_DIRECT,7,PENDING_TIGER_GATE,HIGH
MKT041_MAPORG_SW2,MKT041,Miami,FL,GEOGRID21_V1,SW2,SW 2 mi,225.0,2,25.7071386,-80.2564421,CIVIC_CENTER_ANCHOR_V1_2026-09-09,WGS84_GEODESIC_DIRECT,7,PENDING_TIGER_GATE,MED
MKT041_MAPORG_NW2,MKT041,Miami,FL,GEOGRID21_V1,NW2,NW 2 mi,315.0,2,25.7482268,-80.2564499,CIVIC_CENTER_ANCHOR_V1_2026-09-09,WGS84_GEODESIC_DIRECT,7,PENDING_TIGER_GATE,LOW
MKT041_MAPORG_NE4,MKT041,Miami,FL,GEOGRID21_V1,NE4,NE 4 mi,45.0,4,25.7687656,-80.1883881,CIVIC_CENTER_ANCHOR_V1_2026-09-09,WGS84_GEODESIC_DIRECT,7,PENDING_TIGER_GATE,MED
MKT041_MAPORG_SE4,MKT041,Miami,FL,GEOGRID21_V1,SE4,SE 4 mi,135.0,4,25.6865891,-80.1884192,CIVIC_CENTER_ANCHOR_V1_2026-09-09,WGS84_GEODESIC_DIRECT,7,PENDING_TIGER_GATE,HIGH
MKT041_MAPORG_SW4,MKT041,Miami,FL,GEOGRID21_V1,SW4,SW 4 mi,225.0,4,25.6865891,-80.2791112,CIVIC_CENTER_ANCHOR_V1_2026-09-09,WGS84_GEODESIC_DIRECT,7,PENDING_TIGER_GATE,MED
MKT041_MAPORG_NW4,MKT041,Miami,FL,GEOGRID21_V1,NW4,NW 4 mi,315.0,4,25.7687656,-80.2791423,CIVIC_CENTER_ANCHOR_V1_2026-09-09,WGS84_GEODESIC_DIRECT,7,PENDING_TIGER_GATE,LOW
MKT042_MAPORG_NE2,MKT042,Tampa,FL,GEOGRID21_V1,NE2,NE 2 mi,45.0,2,27.9681957,-82.4341082,CIVIC_CENTER_ANCHOR_V1_2026-09-09,WGS84_GEODESIC_DIRECT,7,PENDING_TIGER_GATE,LOW
MKT042_MAPORG_SE2,MKT042,Tampa,FL,GEOGRID21_V1,SE2,SE 2 mi,135.0,2,27.9271204,-82.4341169,CIVIC_CENTER_ANCHOR_V1_2026-09-09,WGS84_GEODESIC_DIRECT,7,PENDING_TIGER_GATE,MED
MKT042_MAPORG_SW2,MKT042,Tampa,FL,GEOGRID21_V1,SW2,SW 2 mi,225.0,2,27.9271204,-82.4803631,CIVIC_CENTER_ANCHOR_V1_2026-09-09,WGS84_GEODESIC_DIRECT,7,PENDING_TIGER_GATE,MED
MKT042_MAPORG_NW2,MKT042,Tampa,FL,GEOGRID21_V1,NW2,NW 2 mi,315.0,2,27.9681957,-82.4803718,CIVIC_CENTER_ANCHOR_V1_2026-09-09,WGS84_GEODESIC_DIRECT,7,PENDING_TIGER_GATE,LOW
MKT042_MAPORG_NE4,MKT042,Tampa,FL,GEOGRID21_V1,NE4,NE 4 mi,45.0,4,27.9887274,-82.4109676,CIVIC_CENTER_ANCHOR_V1_2026-09-09,WGS84_GEODESIC_DIRECT,7,PENDING_TIGER_GATE,LOW
MKT042_MAPORG_SE4,MKT042,Tampa,FL,GEOGRID21_V1,SE4,SE 4 mi,135.0,4,27.9065768,-82.4110026,CIVIC_CENTER_ANCHOR_V1_2026-09-09,WGS84_GEODESIC_DIRECT,7,PENDING_TIGER_GATE,MED
MKT042_MAPORG_SW4,MKT042,Tampa,FL,GEOGRID21_V1,SW4,SW 4 mi,225.0,4,27.9065768,-82.5034774,CIVIC_CENTER_ANCHOR_V1_2026-09-09,WGS84_GEODESIC_DIRECT,7,PENDING_TIGER_GATE,MED
MKT042_MAPORG_NW4,MKT042,Tampa,FL,GEOGRID21_V1,NW4,NW 4 mi,315.0,4,27.9887274,-82.5035124,CIVIC_CENTER_ANCHOR_V1_2026-09-09,WGS84_GEODESIC_DIRECT,7,PENDING_TIGER_GATE,LOW
MKT043_MAPORG_NE2,MKT043,Orlando,FL,GEOGRID21_V1,NE2,NE 2 mi,45.0,2,28.5581553,-81.356421,CIVIC_CENTER_ANCHOR_V1_2026-09-09,WGS84_GEODESIC_DIRECT,7,PENDING_TIGER_GATE,LOW
MKT043_MAPORG_SE2,MKT043,Orlando,FL,GEOGRID21_V1,SE2,SE 2 mi,135.0,2,28.5170835,-81.3564301,CIVIC_CENTER_ANCHOR_V1_2026-09-09,WGS84_GEODESIC_DIRECT,7,PENDING_TIGER_GATE,LOW
MKT043_MAPORG_SW2,MKT043,Orlando,FL,GEOGRID21_V1,SW2,SW 2 mi,225.0,2,28.5170835,-81.4029311,CIVIC_CENTER_ANCHOR_V1_2026-09-09,WGS84_GEODESIC_DIRECT,7,PENDING_TIGER_GATE,MED
MKT043_MAPORG_NW2,MKT043,Orlando,FL,GEOGRID21_V1,NW2,NW 2 mi,315.0,2,28.5581553,-81.4029402,CIVIC_CENTER_ANCHOR_V1_2026-09-09,WGS84_GEODESIC_DIRECT,7,PENDING_TIGER_GATE,MED
MKT043_MAPORG_NE4,MKT043,Orlando,FL,GEOGRID21_V1,NE4,NE 4 mi,45.0,4,28.5786851,-81.3331525,CIVIC_CENTER_ANCHOR_V1_2026-09-09,WGS84_GEODESIC_DIRECT,7,PENDING_TIGER_GATE,MED
MKT043_MAPORG_SE4,MKT043,Orlando,FL,GEOGRID21_V1,SE4,SE 4 mi,135.0,4,28.4965415,-81.3331885,CIVIC_CENTER_ANCHOR_V1_2026-09-09,WGS84_GEODESIC_DIRECT,7,PENDING_TIGER_GATE,LOW
MKT043_MAPORG_SW4,MKT043,Orlando,FL,GEOGRID21_V1,SW4,SW 4 mi,225.0,4,28.4965415,-81.4261727,CIVIC_CENTER_ANCHOR_V1_2026-09-09,WGS84_GEODESIC_DIRECT,7,PENDING_TIGER_GATE,MED
MKT043_MAPORG_NW4,MKT043,Orlando,FL,GEOGRID21_V1,NW4,NW 4 mi,315.0,4,28.5786851,-81.4262087,CIVIC_CENTER_ANCHOR_V1_2026-09-09,WGS84_GEODESIC_DIRECT,7,PENDING_TIGER_GATE,HIGH
MKT044_MAPORG_NE2,MKT044,Jacksonville,FL,GEOGRID21_V1,NE2,NE 2 mi,45.0,2,30.3502262,-81.635149,CIVIC_CENTER_ANCHOR_V1_2026-09-09,WGS84_GEODESIC_DIRECT,7,PENDING_TIGER_GATE,LOW
MKT044_MAPORG_SE2,MKT044,Jacksonville,FL,GEOGRID21_V1,SE2,SE 2 mi,135.0,2,30.3091655,-81.6351589,CIVIC_CENTER_ANCHOR_V1_2026-09-09,WGS84_GEODESIC_DIRECT,7,PENDING_TIGER_GATE,LOW
MKT044_MAPORG_SW2,MKT044,Jacksonville,FL,GEOGRID21_V1,SW2,SW 2 mi,225.0,2,30.3091655,-81.6824831,CIVIC_CENTER_ANCHOR_V1_2026-09-09,WGS84_GEODESIC_DIRECT,7,PENDING_TIGER_GATE,LOW
MKT044_MAPORG_NW2,MKT044,Jacksonville,FL,GEOGRID21_V1,NW2,NW 2 mi,315.0,2,30.3502262,-81.682493,CIVIC_CENTER_ANCHOR_V1_2026-09-09,WGS84_GEODESIC_DIRECT,7,PENDING_TIGER_GATE,LOW
MKT044_MAPORG_NE4,MKT044,Jacksonville,FL,GEOGRID21_V1,NE4,NE 4 mi,45.0,4,30.37075,-81.6114672,CIVIC_CENTER_ANCHOR_V1_2026-09-09,WGS84_GEODESIC_DIRECT,7,PENDING_TIGER_GATE,LOW
MKT044_MAPORG_SE4,MKT044,Jacksonville,FL,GEOGRID21_V1,SE4,SE 4 mi,135.0,4,30.2886286,-81.6115067,CIVIC_CENTER_ANCHOR_V1_2026-09-09,WGS84_GEODESIC_DIRECT,7,PENDING_TIGER_GATE,MED
MKT044_MAPORG_SW4,MKT044,Jacksonville,FL,GEOGRID21_V1,SW4,SW 4 mi,225.0,4,30.2886286,-81.7061353,CIVIC_CENTER_ANCHOR_V1_2026-09-09,WGS84_GEODESIC_DIRECT,7,PENDING_TIGER_GATE,MED
MKT044_MAPORG_NW4,MKT044,Jacksonville,FL,GEOGRID21_V1,NW4,NW 4 mi,315.0,4,30.37075,-81.7061748,CIVIC_CENTER_ANCHOR_V1_2026-09-09,WGS84_GEODESIC_DIRECT,7,PENDING_TIGER_GATE,LOW
MKT045_MAPORG_NE2,MKT045,Richmond,VA,GEOGRID21_V1,NE2,NE 2 mi,45.0,2,37.5614935,-77.4072002,CIVIC_CENTER_ANCHOR_V1_2026-09-09,WGS84_GEODESIC_DIRECT,7,PENDING_TIGER_GATE,LOW
MKT045_MAPORG_SE2,MKT045,Richmond,VA,GEOGRID21_V1,SE2,SE 2 mi,135.0,2,37.5204808,-77.4072143,CIVIC_CENTER_ANCHOR_V1_2026-09-09,WGS84_GEODESIC_DIRECT,7,PENDING_TIGER_GATE,LOW
MKT045_MAPORG_SW2,MKT045,Richmond,VA,GEOGRID21_V1,SW2,SW 2 mi,225.0,2,37.5204808,-77.4587057,CIVIC_CENTER_ANCHOR_V1_2026-09-09,WGS84_GEODESIC_DIRECT,7,PENDING_TIGER_GATE,LOW
MKT045_MAPORG_NW2,MKT045,Richmond,VA,GEOGRID21_V1,NW2,NW 2 mi,315.0,2,37.5614935,-77.4587198,CIVIC_CENTER_ANCHOR_V1_2026-09-09,WGS84_GEODESIC_DIRECT,7,PENDING_TIGER_GATE,LOW
MKT045_MAPORG_NE4,MKT045,Richmond,VA,GEOGRID21_V1,NE4,NE 4 mi,45.0,4,37.5819913,-77.3814262,CIVIC_CENTER_ANCHOR_V1_2026-09-09,WGS84_GEODESIC_DIRECT,7,PENDING_TIGER_GATE,LOW
MKT045_MAPORG_SE4,MKT045,Richmond,VA,GEOGRID21_V1,SE4,SE 4 mi,135.0,4,37.4999659,-77.3814826,CIVIC_CENTER_ANCHOR_V1_2026-09-09,WGS84_GEODESIC_DIRECT,7,PENDING_TIGER_GATE,LOW
MKT045_MAPORG_SW4,MKT045,Richmond,VA,GEOGRID21_V1,SW4,SW 4 mi,225.0,4,37.4999659,-77.4844374,CIVIC_CENTER_ANCHOR_V1_2026-09-09,WGS84_GEODESIC_DIRECT,7,PENDING_TIGER_GATE,LOW
MKT045_MAPORG_NW4,MKT045,Richmond,VA,GEOGRID21_V1,NW4,NW 4 mi,315.0,4,37.5819913,-77.4844938,CIVIC_CENTER_ANCHOR_V1_2026-09-09,WGS84_GEODESIC_DIRECT,7,PENDING_TIGER_GATE,LOW
MKT046_MAPORG_NE2,MKT046,Washington,DC,GEOGRID21_V1,NE2,NE 2 mi,45.0,2,38.9155086,-77.0050979,CIVIC_CENTER_ANCHOR_V1_2026-09-09,WGS84_GEODESIC_DIRECT,7,PENDING_TIGER_GATE,LOW
MKT046_MAPORG_SE2,MKT046,Washington,DC,GEOGRID21_V1,SE2,SE 2 mi,135.0,2,38.8745054,-77.005113,CIVIC_CENTER_ANCHOR_V1_2026-09-09,WGS84_GEODESIC_DIRECT,7,PENDING_TIGER_GATE,MED
MKT046_MAPORG_SW2,MKT046,Washington,DC,GEOGRID21_V1,SW2,SW 2 mi,225.0,2,38.8745054,-77.057567,CIVIC_CENTER_ANCHOR_V1_2026-09-09,WGS84_GEODESIC_DIRECT,7,PENDING_TIGER_GATE,MED
MKT046_MAPORG_NW2,MKT046,Washington,DC,GEOGRID21_V1,NW2,NW 2 mi,315.0,2,38.9155086,-77.0575821,CIVIC_CENTER_ANCHOR_V1_2026-09-09,WGS84_GEODESIC_DIRECT,7,PENDING_TIGER_GATE,LOW
MKT046_MAPORG_NE4,MKT046,Washington,DC,GEOGRID21_V1,NE4,NE 4 mi,45.0,4,38.9360013,-76.9788408,CIVIC_CENTER_ANCHOR_V1_2026-09-09,WGS84_GEODESIC_DIRECT,7,PENDING_TIGER_GATE,LOW
MKT046_MAPORG_SE4,MKT046,Washington,DC,GEOGRID21_V1,SE4,SE 4 mi,135.0,4,38.8539948,-76.9789011,CIVIC_CENTER_ANCHOR_V1_2026-09-09,WGS84_GEODESIC_DIRECT,7,PENDING_TIGER_GATE,MED
MKT046_MAPORG_SW4,MKT046,Washington,DC,GEOGRID21_V1,SW4,SW 4 mi,225.0,4,38.8539948,-77.0837789,CIVIC_CENTER_ANCHOR_V1_2026-09-09,WGS84_GEODESIC_DIRECT,7,PENDING_TIGER_GATE,MED
MKT046_MAPORG_NW4,MKT046,Washington,DC,GEOGRID21_V1,NW4,NW 4 mi,315.0,4,38.9360013,-77.0838392,CIVIC_CENTER_ANCHOR_V1_2026-09-09,WGS84_GEODESIC_DIRECT,7,PENDING_TIGER_GATE,LOW
MKT047_MAPORG_NE2,MKT047,Baltimore,MD,GEOGRID21_V1,NE2,NE 2 mi,45.0,2,39.3113772,-76.5843007,CIVIC_CENTER_ANCHOR_V1_2026-09-09,WGS84_GEODESIC_DIRECT,7,PENDING_TIGER_GATE,LOW
MKT047_MAPORG_SE2,MKT047,Baltimore,MD,GEOGRID21_V1,SE2,SE 2 mi,135.0,2,39.2703768,-76.5843161,CIVIC_CENTER_ANCHOR_V1_2026-09-09,WGS84_GEODESIC_DIRECT,7,PENDING_TIGER_GATE,MED
MKT047_MAPORG_SW2,MKT047,Baltimore,MD,GEOGRID21_V1,SW2,SW 2 mi,225.0,2,39.2703768,-76.6370639,CIVIC_CENTER_ANCHOR_V1_2026-09-09,WGS84_GEODESIC_DIRECT,7,PENDING_TIGER_GATE,MED
MKT047_MAPORG_NW2,MKT047,Baltimore,MD,GEOGRID21_V1,NW2,NW 2 mi,315.0,2,39.3113772,-76.6370793,CIVIC_CENTER_ANCHOR_V1_2026-09-09,WGS84_GEODESIC_DIRECT,7,PENDING_TIGER_GATE,LOW
MKT047_MAPORG_NE4,MKT047,Baltimore,MD,GEOGRID21_V1,NE4,NE 4 mi,45.0,4,39.3318683,-76.557896,CIVIC_CENTER_ANCHOR_V1_2026-09-09,WGS84_GEODESIC_DIRECT,7,PENDING_TIGER_GATE,LOW
MKT047_MAPORG_SE4,MKT047,Baltimore,MD,GEOGRID21_V1,SE4,SE 4 mi,135.0,4,39.2498675,-76.5579576,CIVIC_CENTER_ANCHOR_V1_2026-09-09,WGS84_GEODESIC_DIRECT,7,PENDING_TIGER_GATE,MED
MKT047_MAPORG_SW4,MKT047,Baltimore,MD,GEOGRID21_V1,SW4,SW 4 mi,225.0,4,39.2498675,-76.6634224,CIVIC_CENTER_ANCHOR_V1_2026-09-09,WGS84_GEODESIC_DIRECT,7,PENDING_TIGER_GATE,MED
MKT047_MAPORG_NW4,MKT047,Baltimore,MD,GEOGRID21_V1,NW4,NW 4 mi,315.0,4,39.3318683,-76.663484,CIVIC_CENTER_ANCHOR_V1_2026-09-09,WGS84_GEODESIC_DIRECT,7,PENDING_TIGER_GATE,LOW
MKT048_MAPORG_NE2,MKT048,Philadelphia,PA,GEOGRID21_V1,NE2,NE 2 mi,45.0,2,39.9728248,-75.1368681,CIVIC_CENTER_ANCHOR_V1_2026-09-09,WGS84_GEODESIC_DIRECT,7,PENDING_TIGER_GATE,LOW
MKT048_MAPORG_SE2,MKT048,Philadelphia,PA,GEOGRID21_V1,SE2,SE 2 mi,135.0,2,39.931829,-75.136884,CIVIC_CENTER_ANCHOR_V1_2026-09-09,WGS84_GEODESIC_DIRECT,7,PENDING_TIGER_GATE,LOW
MKT048_MAPORG_SW2,MKT048,Philadelphia,PA,GEOGRID21_V1,SW2,SW 2 mi,225.0,2,39.931829,-75.190136,CIVIC_CENTER_ANCHOR_V1_2026-09-09,WGS84_GEODESIC_DIRECT,7,PENDING_TIGER_GATE,LOW
MKT048_MAPORG_NW2,MKT048,Philadelphia,PA,GEOGRID21_V1,NW2,NW 2 mi,315.0,2,39.9728248,-75.1901519,CIVIC_CENTER_ANCHOR_V1_2026-09-09,WGS84_GEODESIC_DIRECT,7,PENDING_TIGER_GATE,LOW
MKT048_MAPORG_NE4,MKT048,Philadelphia,PA,GEOGRID21_V1,NE4,NE 4 mi,45.0,4,39.9933134,-75.1102103,CIVIC_CENTER_ANCHOR_V1_2026-09-09,WGS84_GEODESIC_DIRECT,7,PENDING_TIGER_GATE,LOW
MKT048_MAPORG_SE4,MKT048,Philadelphia,PA,GEOGRID21_V1,SE4,SE 4 mi,135.0,4,39.9113219,-75.1102739,CIVIC_CENTER_ANCHOR_V1_2026-09-09,WGS84_GEODESIC_DIRECT,7,PENDING_TIGER_GATE,MED
MKT048_MAPORG_SW4,MKT048,Philadelphia,PA,GEOGRID21_V1,SW4,SW 4 mi,225.0,4,39.9113219,-75.2167461,CIVIC_CENTER_ANCHOR_V1_2026-09-09,WGS84_GEODESIC_DIRECT,7,PENDING_TIGER_GATE,MED
MKT048_MAPORG_NW4,MKT048,Philadelphia,PA,GEOGRID21_V1,NW4,NW 4 mi,315.0,4,39.9933134,-75.2168097,CIVIC_CENTER_ANCHOR_V1_2026-09-09,WGS84_GEODESIC_DIRECT,7,PENDING_TIGER_GATE,LOW
MKT049_MAPORG_NE2,MKT049,New York City,NY,GEOGRID21_V1,NE2,NE 2 mi,45.0,2,40.733232,-73.9790672,CIVIC_CENTER_ANCHOR_V1_2026-09-09,WGS84_GEODESIC_DIRECT,7,PENDING_TIGER_GATE,LOW
MKT049_MAPORG_SE2,MKT049,New York City,NY,GEOGRID21_V1,SE2,SE 2 mi,135.0,2,40.6922416,-73.9790837,CIVIC_CENTER_ANCHOR_V1_2026-09-09,WGS84_GEODESIC_DIRECT,7,PENDING_TIGER_GATE,MED
MKT049_MAPORG_SW2,MKT049,New York City,NY,GEOGRID21_V1,SW2,SW 2 mi,225.0,2,40.6922416,-74.0329363,CIVIC_CENTER_ANCHOR_V1_2026-09-09,WGS84_GEODESIC_DIRECT,7,PENDING_TIGER_GATE,HIGH
MKT049_MAPORG_NW2,MKT049,New York City,NY,GEOGRID21_V1,NW2,NW 2 mi,315.0,2,40.733232,-74.0329528,CIVIC_CENTER_ANCHOR_V1_2026-09-09,WGS84_GEODESIC_DIRECT,7,PENDING_TIGER_GATE,MED
MKT049_MAPORG_NE4,MKT049,New York City,NY,GEOGRID21_V1,NE4,NE 4 mi,45.0,4,40.7537176,-73.9521078,CIVIC_CENTER_ANCHOR_V1_2026-09-09,WGS84_GEODESIC_DIRECT,7,PENDING_TIGER_GATE,LOW
MKT049_MAPORG_SE4,MKT049,New York City,NY,GEOGRID21_V1,SE4,SE 4 mi,135.0,4,40.6717369,-73.9521738,CIVIC_CENTER_ANCHOR_V1_2026-09-09,WGS84_GEODESIC_DIRECT,7,PENDING_TIGER_GATE,MED
MKT049_MAPORG_SW4,MKT049,New York City,NY,GEOGRID21_V1,SW4,SW 4 mi,225.0,4,40.6717369,-74.0598462,CIVIC_CENTER_ANCHOR_V1_2026-09-09,WGS84_GEODESIC_DIRECT,7,PENDING_TIGER_GATE,MED
MKT049_MAPORG_NW4,MKT049,New York City,NY,GEOGRID21_V1,NW4,NW 4 mi,315.0,4,40.7537176,-74.0599122,CIVIC_CENTER_ANCHOR_V1_2026-09-09,WGS84_GEODESIC_DIRECT,7,PENDING_TIGER_GATE,LOW
MKT050_MAPORG_NE2,MKT050,Boston,MA,GEOGRID21_V1,NE2,NE 2 mi,45.0,2,42.3809159,-71.030324,CIVIC_CENTER_ANCHOR_V1_2026-09-09,WGS84_GEODESIC_DIRECT,7,PENDING_TIGER_GATE,MED
MKT050_MAPORG_SE2,MKT050,Boston,MA,GEOGRID21_V1,SE2,SE 2 mi,135.0,2,42.3399373,-71.030342,CIVIC_CENTER_ANCHOR_V1_2026-09-09,WGS84_GEODESIC_DIRECT,7,PENDING_TIGER_GATE,MED
MKT050_MAPORG_SW2,MKT050,Boston,MA,GEOGRID21_V1,SW2,SW 2 mi,225.0,2,42.3399373,-71.085578,CIVIC_CENTER_ANCHOR_V1_2026-09-09,WGS84_GEODESIC_DIRECT,7,PENDING_TIGER_GATE,MED
MKT050_MAPORG_NW2,MKT050,Boston,MA,GEOGRID21_V1,NW2,NW 2 mi,315.0,2,42.3809159,-71.085596,CIVIC_CENTER_ANCHOR_V1_2026-09-09,WGS84_GEODESIC_DIRECT,7,PENDING_TIGER_GATE,MED
MKT050_MAPORG_NE4,MKT050,Boston,MA,GEOGRID21_V1,NE4,NE 4 mi,45.0,4,42.4013951,-71.0026701,CIVIC_CENTER_ANCHOR_V1_2026-09-09,WGS84_GEODESIC_DIRECT,7,PENDING_TIGER_GATE,MED
MKT050_MAPORG_SE4,MKT050,Boston,MA,GEOGRID21_V1,SE4,SE 4 mi,135.0,4,42.319438,-71.0027419,CIVIC_CENTER_ANCHOR_V1_2026-09-09,WGS84_GEODESIC_DIRECT,7,PENDING_TIGER_GATE,MED
MKT050_MAPORG_SW4,MKT050,Boston,MA,GEOGRID21_V1,SW4,SW 4 mi,225.0,4,42.319438,-71.1131781,CIVIC_CENTER_ANCHOR_V1_2026-09-09,WGS84_GEODESIC_DIRECT,7,PENDING_TIGER_GATE,MED
MKT050_MAPORG_NW4,MKT050,Boston,MA,GEOGRID21_V1,NW4,NW 4 mi,315.0,4,42.4013951,-71.1132499,CIVIC_CENTER_ANCHOR_V1_2026-09-09,WGS84_GEODESIC_DIRECT,7,PENDING_TIGER_GATE,MED
